Корневая,Подкатегория 1,ID товара,Название товара или услуги,Название товара в URL,URL,Краткое описание,Полное описание,Видимость на витрине,Применять скидки,Тег title,Мета-тег keywords,Мета-тег description,Размещение на сайте,Весовой коэффициент,Валюта склада,НДС,Единица измерения,Габариты,Изображения,Ссылка на видео,Свойство: Размер,Свойство: Цвет,Свойство: размер,Свойство: цвет,ID варианта,Артикул,Штрих-код,Внешний ID,Габариты варианта,Цена продажи,Старая цена,Цена закупки,Остаток,Вес,Изображения варианта,Параметр: fid,Параметр: OLDLINK,Дополнительное поле: ID Мой Склад,Параметр: Метка
,,303397151,вело Summer time,velo-summer-time,https://myshop-buy636.myinsales.ru/collection/all/product/velo-summer-time,,"<br />Велосипедки New day с завышенной талией - абсолютный must have современного гардероба. Подходят не только для занятий спортом, но и для городских прогулок. Для формального выхода велосипедки сочетают с рубашками и объемными пиджаками, для прогулки - с кроп-топами или худи, для вечеринки - с кроссовками и бомбером. Куда в них отправиться - решать только вам. <br /><br />• Плетение рибана <br />• Высокая посадка <br />• Моделирование фигуры <br />• Технология COOL DRY (изделие быстро впитывает и испаряет влагу)<br />• Выполнены из итальянской полиамидной нити на российском производстве. <br /><br />Состав: 93% полиамид, 7% эластан. <br /><br />Рекомендации по уходу: <br />- машинная стирка при 30 градусах; <br />- барабанная сушка, глажка и отбеливание запрещены. <br /><br />Модель на фото: <br />Рост 170 см, параметры - 84/59/87. <br />Размер комплекта — S",выставлен,да,Бесшовные велосипедки с высокой посадкой New day black,,,Каталог,,RUR,Без НДС,шт,,https://static.insales-cdn.com/images/products/1/966/551748550/4C74BC33-268A-43D2-942A-45859B1C49BD.jpeg https://static.insales-cdn.com/images/products/1/3280/551750864/B39462D5-0607-426E-8CA0-501DCC3A3D5A.jpeg https://static.insales-cdn.com/images/products/1/6738/658504274/1449584844.jpg https://static.insales-cdn.com/images/products/1/6743/658504279/1449568682.jpg https://static.insales-cdn.com/images/products/1/6750/658504286/1449565840.jpg https://static.insales-cdn.com/images/products/1/6761/658504297/1449573224.jpg https://static.insales-cdn.com/images/products/1/6775/658504311/__last_variant.png https://static.insales-cdn.com/images/products/1/6819/658504355/IMG0870.jpg https://static.insales-cdn.com/images/products/1/6849/658504385/IMG0869.jpg https://static.insales-cdn.com/images/products/1/6887/658504423/IMG0876.jpg https://static.insales-cdn.com/images/products/1/6942/658504478/IMG0855.jpg https://static.insales-cdn.com/images/products/1/6980/658504516/1CB6EC46-041A-4482-9.jpeg https://static.insales-cdn.com/images/products/1/7001/658504537/70E82F1F-CA6E-4F7A-A.jpeg https://static.insales-cdn.com/images/products/1/7018/658504554/4FFAE867-54D5-4B19-9.jpeg https://static.insales-cdn.com/images/products/1/7044/658504580/5F81559B-15A9-487D-9.jpeg https://static.insales-cdn.com/images/products/1/7069/658504605/3EBC9B10-BFC4-4F8C-A.jpeg https://static.insales-cdn.com/images/products/1/7094/658504630/58D68A7E-EACD-4E43-8.jpeg https://static.insales-cdn.com/images/products/1/7113/658504649/8900.jpg https://static.insales-cdn.com/images/products/1/7131/658504667/8886.jpg https://static.insales-cdn.com/images/products/1/7144/658504680/8891.jpg https://static.insales-cdn.com/images/products/1/7160/658504696/8879.jpg https://static.insales-cdn.com/images/products/1/7185/658504721/8914.jpg https://static.insales-cdn.com/images/products/1/7208/658504744/8874.jpg https://static.insales-cdn.com/images/products/1/7228/658504764/43687114.jpg https://static.insales-cdn.com/images/products/1/7255/658504791/75297305.jpg https://static.insales-cdn.com/images/products/1/7287/658504823/74624713.jpg https://static.insales-cdn.com/images/products/1/7309/658504845/23356610.jpg https://static.insales-cdn.com/images/products/1/7328/658504864/36985121.jpg https://static.insales-cdn.com/images/products/1/7351/658504887/49753364.jpg https://static.insales-cdn.com/images/products/1/7371/658504907/95429884.jpg https://static.insales-cdn.com/images/products/1/7389/658504925/83482947.jpg https://static.insales-cdn.com/images/products/1/7404/658504940/35098757.jpg https://static.insales-cdn.com/images/products/1/7414/658504950/28844646.jpg https://static.insales-cdn.com/images/products/1/7435/658504971/63440858.jpg,,S,желтый неон,,,524328786,DF-08.0001,,524328786,,3750,,,5,,,https://define.moscow/shorts/tproduct/360191627-571590834991-besshovnie-velosipedki-s-visokoi-posadko,https://define.moscow/shorts/tproduct/360191627-571590834991-besshovnie-velosipedki-s-visokoi-posadko,,
,,303397151,вело Summer time,velo-summer-time,https://myshop-buy636.myinsales.ru/collection/all/product/velo-summer-time,,"<br />Велосипедки New day с завышенной талией - абсолютный must have современного гардероба. Подходят не только для занятий спортом, но и для городских прогулок. Для формального выхода велосипедки сочетают с рубашками и объемными пиджаками, для прогулки - с кроп-топами или худи, для вечеринки - с кроссовками и бомбером. Куда в них отправиться - решать только вам. <br /><br />• Плетение рибана <br />• Высокая посадка <br />• Моделирование фигуры <br />• Технология COOL DRY (изделие быстро впитывает и испаряет влагу)<br />• Выполнены из итальянской полиамидной нити на российском производстве. <br /><br />Состав: 93% полиамид, 7% эластан. <br /><br />Рекомендации по уходу: <br />- машинная стирка при 30 градусах; <br />- барабанная сушка, глажка и отбеливание запрещены. <br /><br />Модель на фото: <br />Рост 170 см, параметры - 84/59/87. <br />Размер комплекта — S",выставлен,да,Бесшовные велосипедки с высокой посадкой New day black,,,Каталог,,RUR,Без НДС,шт,,https://static.insales-cdn.com/images/products/1/966/551748550/4C74BC33-268A-43D2-942A-45859B1C49BD.jpeg https://static.insales-cdn.com/images/products/1/3280/551750864/B39462D5-0607-426E-8CA0-501DCC3A3D5A.jpeg https://static.insales-cdn.com/images/products/1/6738/658504274/1449584844.jpg https://static.insales-cdn.com/images/products/1/6743/658504279/1449568682.jpg https://static.insales-cdn.com/images/products/1/6750/658504286/1449565840.jpg https://static.insales-cdn.com/images/products/1/6761/658504297/1449573224.jpg https://static.insales-cdn.com/images/products/1/6775/658504311/__last_variant.png https://static.insales-cdn.com/images/products/1/6819/658504355/IMG0870.jpg https://static.insales-cdn.com/images/products/1/6849/658504385/IMG0869.jpg https://static.insales-cdn.com/images/products/1/6887/658504423/IMG0876.jpg https://static.insales-cdn.com/images/products/1/6942/658504478/IMG0855.jpg https://static.insales-cdn.com/images/products/1/6980/658504516/1CB6EC46-041A-4482-9.jpeg https://static.insales-cdn.com/images/products/1/7001/658504537/70E82F1F-CA6E-4F7A-A.jpeg https://static.insales-cdn.com/images/products/1/7018/658504554/4FFAE867-54D5-4B19-9.jpeg https://static.insales-cdn.com/images/products/1/7044/658504580/5F81559B-15A9-487D-9.jpeg https://static.insales-cdn.com/images/products/1/7069/658504605/3EBC9B10-BFC4-4F8C-A.jpeg https://static.insales-cdn.com/images/products/1/7094/658504630/58D68A7E-EACD-4E43-8.jpeg https://static.insales-cdn.com/images/products/1/7113/658504649/8900.jpg https://static.insales-cdn.com/images/products/1/7131/658504667/8886.jpg https://static.insales-cdn.com/images/products/1/7144/658504680/8891.jpg https://static.insales-cdn.com/images/products/1/7160/658504696/8879.jpg https://static.insales-cdn.com/images/products/1/7185/658504721/8914.jpg https://static.insales-cdn.com/images/products/1/7208/658504744/8874.jpg https://static.insales-cdn.com/images/products/1/7228/658504764/43687114.jpg https://static.insales-cdn.com/images/products/1/7255/658504791/75297305.jpg https://static.insales-cdn.com/images/products/1/7287/658504823/74624713.jpg https://static.insales-cdn.com/images/products/1/7309/658504845/23356610.jpg https://static.insales-cdn.com/images/products/1/7328/658504864/36985121.jpg https://static.insales-cdn.com/images/products/1/7351/658504887/49753364.jpg https://static.insales-cdn.com/images/products/1/7371/658504907/95429884.jpg https://static.insales-cdn.com/images/products/1/7389/658504925/83482947.jpg https://static.insales-cdn.com/images/products/1/7404/658504940/35098757.jpg https://static.insales-cdn.com/images/products/1/7414/658504950/28844646.jpg https://static.insales-cdn.com/images/products/1/7435/658504971/63440858.jpg,,M,желтый неон,,,524329029,DF-08.0001,,524329029,,3750,,,5,,,https://define.moscow/shorts/tproduct/360191627-571590834991-besshovnie-velosipedki-s-visokoi-posadko,https://define.moscow/shorts/tproduct/360191627-571590834991-besshovnie-velosipedki-s-visokoi-posadko,,
Мой склад,Леггинсы,354797551,Леггинсы Vera лаванда,legginsy-vera-lavanda,https://myshop-buy636.myinsales.ru/product/legginsy-vera-lavanda,,,выставлен,да,,,,,,RUR,Без НДС,шт,,,,,,S,,600023874,DF-07.0011,,600023874,,3210,,,0,,,,,iTTlULFAgmsBTuFPX66gn2,
Мой склад,Бра,354797552,Бра New Way Лаванда,bra-new-way-lavanda,https://myshop-buy636.myinsales.ru/product/bra-new-way-lavanda,,,выставлен,да,,,,,,RUR,Без НДС,шт,,,,,,S,,600023875,DF-01.0032,,600023875,,3260,,,0,,,,,R5sGBRmgh2I1ZSH69Lgdw2,
Мой склад,Бра,354797552,Бра New Way Лаванда,bra-new-way-lavanda,https://myshop-buy636.myinsales.ru/product/bra-new-way-lavanda,,,выставлен,да,,,,,,RUR,Без НДС,шт,,,,,,M,,600023876,DF-01.0032,,600023876,,3260,,,0,,,,,R5sGBRmgh2I1ZSH69Lgdw2,
Мой склад,Бра,354797552,Бра New Way Лаванда,bra-new-way-lavanda,https://myshop-buy636.myinsales.ru/product/bra-new-way-lavanda,,,выставлен,да,,,,,,RUR,Без НДС,шт,,,,,,L,,600023877,DF-01.0032,,600023877,,3260,,,0,,,,,R5sGBRmgh2I1ZSH69Lgdw2,
Мой склад,Леггинсы,354797553,Лосины New Way винные,losiny-new-way-vinnye,https://myshop-buy636.myinsales.ru/product/losiny-new-way-vinnye,,,выставлен,да,,,,,,RUR,Без НДС,шт,,,,,,S,,600023880,DF-04.00021,,600023880,,4250,,,0,,,,,o6tdSZcxjjJrK4lcZKHXB2,
Мой склад,Леггинсы,354797553,Лосины New Way винные,losiny-new-way-vinnye,https://myshop-buy636.myinsales.ru/product/losiny-new-way-vinnye,,,выставлен,да,,,,,,RUR,Без НДС,шт,,,,,,M,,600023879,DF-04.00021,,600023879,,4250,,,0,,,,,o6tdSZcxjjJrK4lcZKHXB2,
Мой склад,Леггинсы,354797553,Лосины New Way винные,losiny-new-way-vinnye,https://myshop-buy636.myinsales.ru/product/losiny-new-way-vinnye,,,выставлен,да,,,,,,RUR,Без НДС,шт,,,,,,L,,600023878,DF-04.00021,,600023878,,4250,,,0,,,,,o6tdSZcxjjJrK4lcZKHXB2,
Мой склад,Бра,354797554,Топ Military голубой,top-military-goluboy,https://myshop-buy636.myinsales.ru/product/top-military-goluboy,,,выставлен,да,,,,,,RUR,Без НДС,шт,,,,,,S,,600023882,DF-01.0019,,600023882,,2900,,,0,,,,,8LCrkWcVimsSgSkINAMT-3,
Мой склад,Бра,354797554,Топ Military голубой,top-military-goluboy,https://myshop-buy636.myinsales.ru/product/top-military-goluboy,,,выставлен,да,,,,,,RUR,Без НДС,шт,,,,,,M,,600023881,DF-01.0019,,600023881,,2900,,,0,,,,,8LCrkWcVimsSgSkINAMT-3,
Мой склад,Бра,354797554,Топ Military голубой,top-military-goluboy,https://myshop-buy636.myinsales.ru/product/top-military-goluboy,,,выставлен,да,,,,,,RUR,Без НДС,шт,,,,,,L,,600023883,DF-01.0019,,600023883,,2900,,,0,,,,,8LCrkWcVimsSgSkINAMT-3,
Мой склад,Услуга по доставке товара конечному покупателю,354797555,Возврат товара на склад комиссионера,vozvrat-tovara-na-sklad-komissionera,https://myshop-buy636.myinsales.ru/product/vozvrat-tovara-na-sklad-komissionera,,,выставлен,да,,,,,,RUR,Без НДС,шт,,,,,,,,600023884,,,600023884,,0,,,0,,,,,trfvWzpZjWBqbbb7Vt3VW1,
Мой склад,Бра,354797556,Топ Vera черный,top-vera-chernyy,https://myshop-buy636.myinsales.ru/product/top-vera-chernyy,,,выставлен,да,,,,,,RUR,Без НДС,шт,,,,,,S,,600023886,DF-01.0011,,600023886,,2900,,,0,,,,,85L37-uqj5f-CIscFZKNL2,
Мой склад,Бра,354797556,Топ Vera черный,top-vera-chernyy,https://myshop-buy636.myinsales.ru/product/top-vera-chernyy,,,выставлен,да,,,,,,RUR,Без НДС,шт,,,,,,M,,600023887,DF-01.0011,,600023887,,2900,,,0,,,,,85L37-uqj5f-CIscFZKNL2,
Мой склад,Бра,354797556,Топ Vera черный,top-vera-chernyy,https://myshop-buy636.myinsales.ru/product/top-vera-chernyy,,,выставлен,да,,,,,,RUR,Без НДС,шт,,,,,,L,,600023885,DF-01.0011,,600023885,,2900,,,0,,,,,85L37-uqj5f-CIscFZKNL2,
Мой склад,Бра,354797557,Топ Military розовый,top-military-rozovyy,https://myshop-buy636.myinsales.ru/product/top-military-rozovyy,,,выставлен,да,,,,,,RUR,Без НДС,шт,,,,,,S,,600023890,DF-01.0020,,600023890,,2900,,,0,,,,,NNMSQ57mjHaFjTfNQtUkj2,
Мой склад,Бра,354797557,Топ Military розовый,top-military-rozovyy,https://myshop-buy636.myinsales.ru/product/top-military-rozovyy,,,выставлен,да,,,,,,RUR,Без НДС,шт,,,,,,M,,600023889,DF-01.0020,,600023889,,2900,,,0,,,,,NNMSQ57mjHaFjTfNQtUkj2,
Мой склад,Бра,354797557,Топ Military розовый,top-military-rozovyy,https://myshop-buy636.myinsales.ru/product/top-military-rozovyy,,,выставлен,да,,,,,,RUR,Без НДС,шт,,,,,,L,,600023888,DF-01.0020,,600023888,,2900,,,0,,,,,NNMSQ57mjHaFjTfNQtUkj2,
Мой склад,Леггинсы,354797558,Леггинсы  Military зеленый,legginsy-military-zelenyy,https://myshop-buy636.myinsales.ru/product/legginsy-military-zelenyy,,,выставлен,да,,,,,,RUR,Без НДС,шт,,,,,,S,,600023892,DF-07.0020,,600023892,,3400,,,0,,,,,DmkEB-BNiGpDsat-9LrPD2,
Мой склад,Леггинсы,354797558,Леггинсы  Military зеленый,legginsy-military-zelenyy,https://myshop-buy636.myinsales.ru/product/legginsy-military-zelenyy,,,выставлен,да,,,,,,RUR,Без НДС,шт,,,,,,M,,600023893,DF-07.0020,,600023893,,3400,,,0,,,,,DmkEB-BNiGpDsat-9LrPD2,
Мой склад,Леггинсы,354797558,Леггинсы  Military зеленый,legginsy-military-zelenyy,https://myshop-buy636.myinsales.ru/product/legginsy-military-zelenyy,,,выставлен,да,,,,,,RUR,Без НДС,шт,,,,,,L,,600023891,DF-07.0020,,600023891,,3400,,,0,,,,,DmkEB-BNiGpDsat-9LrPD2,
Мой склад,Леггинсы,354797559,Леггинсы  Military серые,legginsy-military-serye,https://myshop-buy636.myinsales.ru/product/legginsy-military-serye,,,выставлен,да,,,,,,RUR,Без НДС,шт,,,,,,S,,600023896,DF-07.0018,,600023896,,3400,,,0,,,,,r1XTi-rKheQzVjImW0hBO0,
Мой склад,Леггинсы,354797559,Леггинсы  Military серые,legginsy-military-serye,https://myshop-buy636.myinsales.ru/product/legginsy-military-serye,,,выставлен,да,,,,,,RUR,Без НДС,шт,,,,,,M,,600023894,DF-07.0018,,600023894,,3400,,,0,,,,,r1XTi-rKheQzVjImW0hBO0,
Мой склад,Леггинсы,354797559,Леггинсы  Military серые,legginsy-military-serye,https://myshop-buy636.myinsales.ru/product/legginsy-military-serye,,,выставлен,да,,,,,,RUR,Без НДС,шт,,,,,,L,,600023897,DF-07.0018,,600023897,,3400,,,0,,,,,r1XTi-rKheQzVjImW0hBO0,
Мой склад,Маски,354797561,Маска черная,maska-chernaya,https://myshop-buy636.myinsales.ru/product/maska-chernaya,,,выставлен,да,,,,,,RUR,Без НДС,шт,,,,,,,,600023898,DF-00.0002,,600023898,,990,,,9,,,,,9RhkwV1UiiEX0ENfIOvva0,
Мой склад,Леггинсы,354797562,Лосины New Way хаки,losiny-new-way-haki,https://myshop-buy636.myinsales.ru/product/losiny-new-way-haki,,,выставлен,да,,,,,,RUR,Без НДС,шт,,,,,,S,,600023900,DF-04.0003,,600023900,,4250,,,0,,,,,78KSvbqXhVMiZoXUfLu5C3,
Мой склад,Леггинсы,354797562,Лосины New Way хаки,losiny-new-way-haki,https://myshop-buy636.myinsales.ru/product/losiny-new-way-haki,,,выставлен,да,,,,,,RUR,Без НДС,шт,,,,,,M,,600023899,DF-04.0003,,600023899,,4250,,,0,,,,,78KSvbqXhVMiZoXUfLu5C3,
Мой склад,Леггинсы,354797562,Лосины New Way хаки,losiny-new-way-haki,https://myshop-buy636.myinsales.ru/product/losiny-new-way-haki,,,выставлен,да,,,,,,RUR,Без НДС,шт,,,,,,L,,600023902,DF-04.0003,,600023902,,4250,,,0,,,,,78KSvbqXhVMiZoXUfLu5C3,
Мой склад,Услуга по доставке товара конечному покупателю,354797564,Услуга по хранению товара на складе,usluga-po-hraneniyu-tovara-na-sklade,https://myshop-buy636.myinsales.ru/product/usluga-po-hraneniyu-tovara-na-sklade,,,выставлен,да,,,,,,RUR,Без НДС,шт,,,,,,,,600023903,,,600023903,,0,,,0,,,,,kgcYPfHRhy51pXoMvCy7H1,
Мой склад,Фитнес аксессуары,354797565,Резинка Фитнес 1 шт MEDIUM (средняя),rezinka-fitnes-1-sht-medium-srednyaya,https://myshop-buy636.myinsales.ru/product/rezinka-fitnes-1-sht-medium-srednyaya,,,выставлен,да,,,,,,RUR,Без НДС,шт,,,,,,,,600023904,DF-00.0001.1,,600023904,,700,,,1,,,,,-Exkgj3Eg4e1KOOII1kl21,
Мой склад,,354797566,Фотосессия,fotosessiya,https://myshop-buy636.myinsales.ru/product/fotosessiya,,,выставлен,да,,,,,,RUR,Без НДС,шт,,,,,,,,600023905,,,600023905,,0,,,0,,,,,taanzF6iiPq5AUZM9ng7c2,
Мой склад,Фитнес аксессуары,354797568,Резинка Фитнес 1 шт LIGHT (легкая),rezinka-fitnes-1-sht-light-legkaya,https://myshop-buy636.myinsales.ru/product/rezinka-fitnes-1-sht-light-legkaya,,,выставлен,да,,,,,,RUR,Без НДС,шт,,,,,,,,600023907,DF-00.0001.2,,600023907,,700,,,4,,,,,4pXY0eMYhuMbO7mtfNcv20,
Мой склад,Фитнес аксессуары,354797569,Резинка Фитнес 1 шт HEAVY (тяжелая),rezinka-fitnes-1-sht-heavy-tyazhelaya,https://myshop-buy636.myinsales.ru/product/rezinka-fitnes-1-sht-heavy-tyazhelaya,,,выставлен,да,,,,,,RUR,Без НДС,шт,,,,,,,,600023908,DF-00.0001.3,,600023908,,700,,,4,,,,,57c1plfpgCUs54QTdGKmq0,
Мой склад,Леггинсы,354797570,Лосины New Way голубые,losiny-new-way-golubye,https://myshop-buy636.myinsales.ru/product/losiny-new-way-golubye,,,выставлен,да,,,,,,RUR,Без НДС,шт,,,,,,S,,600023911,DF-07.0031,,600023911,,2125,,,0,,,,,qphW8nGdg0qu4FJOWB7zx1,
Мой склад,Леггинсы,354797570,Лосины New Way голубые,losiny-new-way-golubye,https://myshop-buy636.myinsales.ru/product/losiny-new-way-golubye,,,выставлен,да,,,,,,RUR,Без НДС,шт,,,,,,M,,600023910,DF-07.0031,,600023910,,2125,,,0,,,,,qphW8nGdg0qu4FJOWB7zx1,
Мой склад,Леггинсы,354797570,Лосины New Way голубые,losiny-new-way-golubye,https://myshop-buy636.myinsales.ru/product/losiny-new-way-golubye,,,выставлен,да,,,,,,RUR,Без НДС,шт,,,,,,L,,600023909,DF-07.0031,,600023909,,2125,,,0,,,,,qphW8nGdg0qu4FJOWB7zx1,
Мой склад,Велосипедки,354797572,Велосипедки New day желтый неон,velosipedki-new-day-zheltyy-neon,https://myshop-buy636.myinsales.ru/product/velosipedki-new-day-zheltyy-neon,,,выставлен,да,,,,,,RUR,Без НДС,шт,,,,,,S,,600023913,DF-08.0003,,600023913,,3750,,,3,,,,,NZaJuyzzizuApgBKPh1Bj0,
Мой склад,Велосипедки,354797572,Велосипедки New day желтый неон,velosipedki-new-day-zheltyy-neon,https://myshop-buy636.myinsales.ru/product/velosipedki-new-day-zheltyy-neon,,,выставлен,да,,,,,,RUR,Без НДС,шт,,,,,,M,,600023914,DF-08.0003,,600023914,,3750,,,8,,,,,NZaJuyzzizuApgBKPh1Bj0,
Мой склад,Бра,354797573,Топ High stretch зеленый,top-high-stretch-zelenyy,https://myshop-buy636.myinsales.ru/product/top-high-stretch-zelenyy,,,выставлен,да,,,,,,RUR,Без НДС,шт,,,,,,S,,600023915,DF-01.0018,,600023915,,1190,,,0,,,,,KX87SQCLh0CqN-JpeVtvz2,
Мой склад,Бра,354797573,Топ High stretch зеленый,top-high-stretch-zelenyy,https://myshop-buy636.myinsales.ru/product/top-high-stretch-zelenyy,,,выставлен,да,,,,,,RUR,Без НДС,шт,,,,,,M,,600023917,DF-01.0018,,600023917,,1190,,,0,,,,,KX87SQCLh0CqN-JpeVtvz2,
Мой склад,Бра,354797575,Бра New Way Хаки,bra-new-way-haki,https://myshop-buy636.myinsales.ru/product/bra-new-way-haki,,,выставлен,да,,,,,,RUR,Без НДС,шт,,,,,,S,,600023918,DF-01.0033,,600023918,,1190,,,0,,,,,8Aqf2SkniMLwvVO3sSGbu3,
Мой склад,Бра,354797575,Бра New Way Хаки,bra-new-way-haki,https://myshop-buy636.myinsales.ru/product/bra-new-way-haki,,,выставлен,да,,,,,,RUR,Без НДС,шт,,,,,,M,,600023920,DF-01.0033,,600023920,,1190,,,0,,,,,8Aqf2SkniMLwvVO3sSGbu3,
Мой склад,Бра,354797575,Бра New Way Хаки,bra-new-way-haki,https://myshop-buy636.myinsales.ru/product/bra-new-way-haki,,,выставлен,да,,,,,,RUR,Без НДС,шт,,,,,,L,,600023919,DF-01.0033,,600023919,,1190,,,0,,,,,8Aqf2SkniMLwvVO3sSGbu3,
Мой склад,Бра,354797576,Топ Vera розовый,top-vera-rozovyy,https://myshop-buy636.myinsales.ru/product/top-vera-rozovyy,,,выставлен,да,,,,,,RUR,Без НДС,шт,,,,,,S,,600023921,DF-01.0013,,600023921,,2737.5,,,0,,,,,ODL6KKGbhydhSegZCdm3R3,
Мой склад,Леггинсы,354797578,Леггинсы New day PES,legginsy-new-day-pes,https://myshop-buy636.myinsales.ru/product/legginsy-new-day-pes,,,выставлен,да,,,,,,RUR,Без НДС,шт,,,,,,M,морская волна,600023924,DF-07.0036,,600023924,,4500,,,5,,,,,2ySnwbJujbNAC4Gp07kv32,
Мой склад,Леггинсы,354797578,Леггинсы New day PES,legginsy-new-day-pes,https://myshop-buy636.myinsales.ru/product/legginsy-new-day-pes,,,выставлен,да,,,,,,RUR,Без НДС,шт,,,,,,ХS-S,морская волна,600023923,DF-07.0036,,600023923,,4500,,,0,,,,,2ySnwbJujbNAC4Gp07kv32,
Мой склад,Услуга по доставке товара конечному покупателю,354797579,Удержание вб,uderzhanie-vb,https://myshop-buy636.myinsales.ru/product/uderzhanie-vb,,,выставлен,да,,,,,,RUR,Без НДС,шт,,,,,,,,600023925,,,600023925,,0,,,0,,,,,izddDp9sjxDj4eIJySnlL3,
Мой склад,Бра,354797580,Топ короткий New Way Бордо,top-korotkiy-new-way-bordo,https://myshop-buy636.myinsales.ru/product/top-korotkiy-new-way-bordo,,,выставлен,да,,,,,,RUR,Без НДС,шт,,,,,,S,бордо,600023930,DF-01.0010,,600023930,,2400,,,0,,,,,ZVaXZDXrgVMq3hz9VtQcJ2,
Мой склад,Бра,354797580,Топ короткий New Way Бордо,top-korotkiy-new-way-bordo,https://myshop-buy636.myinsales.ru/product/top-korotkiy-new-way-bordo,,,выставлен,да,,,,,,RUR,Без НДС,шт,,,,,,M,бордо,600023929,DF-01.0010,,600023929,,2400,,,0,,,,,ZVaXZDXrgVMq3hz9VtQcJ2,
Мой склад,Бра,354797580,Топ короткий New Way Бордо,top-korotkiy-new-way-bordo,https://myshop-buy636.myinsales.ru/product/top-korotkiy-new-way-bordo,,,выставлен,да,,,,,,RUR,Без НДС,шт,,,,,,L,бордо,600023928,DF-01.0010,,600023928,,2400,,,0,,,,,ZVaXZDXrgVMq3hz9VtQcJ2,
Мой склад,Бра,354797580,Топ короткий New Way Бордо,top-korotkiy-new-way-bordo,https://myshop-buy636.myinsales.ru/product/top-korotkiy-new-way-bordo,,,выставлен,да,,,,,,RUR,Без НДС,шт,,,,,,XXL,-,600023926,DF-01.0010,,600023926,,2400,,,0,,,,,ZVaXZDXrgVMq3hz9VtQcJ2,
Мой склад,Бра,354797580,Топ короткий New Way Бордо,top-korotkiy-new-way-bordo,https://myshop-buy636.myinsales.ru/product/top-korotkiy-new-way-bordo,,,выставлен,да,,,,,,RUR,Без НДС,шт,,,,,,XL,-,600023932,DF-01.0010,,600023932,,2400,,,0,,,,,ZVaXZDXrgVMq3hz9VtQcJ2,
Мой склад,Лонгсливы,354797584,Лонгслив Zip touch,longsliv-zip-touch,https://myshop-buy636.myinsales.ru/product/longsliv-zip-touch,,,выставлен,да,,,,,,RUR,Без НДС,шт,,,,,,S,голубой,600023934,,,600023934,,0,,,1,,,,,0bOFHV7yia1vJ3xQkNEsK1,
Мой склад,Лонгсливы,354797584,Лонгслив Zip touch,longsliv-zip-touch,https://myshop-buy636.myinsales.ru/product/longsliv-zip-touch,,,выставлен,да,,,,,,RUR,Без НДС,шт,,,,,,S,черный,600023941,,,600023941,,0,,,1,,,,,0bOFHV7yia1vJ3xQkNEsK1,
Мой склад,Лонгсливы,354797584,Лонгслив Zip touch,longsliv-zip-touch,https://myshop-buy636.myinsales.ru/product/longsliv-zip-touch,,,выставлен,да,,,,,,RUR,Без НДС,шт,,,,,,M,голубой,600023937,,,600023937,,0,,,0,,,,,0bOFHV7yia1vJ3xQkNEsK1,
Мой склад,Лонгсливы,354797584,Лонгслив Zip touch,longsliv-zip-touch,https://myshop-buy636.myinsales.ru/product/longsliv-zip-touch,,,выставлен,да,,,,,,RUR,Без НДС,шт,,,,,,M,черный,600023938,,,600023938,,0,,,0,,,,,0bOFHV7yia1vJ3xQkNEsK1,
Мой склад,Лонгсливы,354797584,Лонгслив Zip touch,longsliv-zip-touch,https://myshop-buy636.myinsales.ru/product/longsliv-zip-touch,,,выставлен,да,,,,,,RUR,Без НДС,шт,,,,,,L,голубой,600023936,,,600023936,,0,,,0,,,,,0bOFHV7yia1vJ3xQkNEsK1,
Мой склад,Лонгсливы,354797584,Лонгслив Zip touch,longsliv-zip-touch,https://myshop-buy636.myinsales.ru/product/longsliv-zip-touch,,,выставлен,да,,,,,,RUR,Без НДС,шт,,,,,,L,черный,600023935,,,600023935,,0,,,0,,,,,0bOFHV7yia1vJ3xQkNEsK1,
Мой склад,Бра,354797588,Бра New Way Черный,bra-new-way-chernyy,https://myshop-buy636.myinsales.ru/product/bra-new-way-chernyy,,,выставлен,да,,,,,,RUR,Без НДС,шт,,,,,,S,,600023947,DF-01.0029,,600023947,,2400,,,0,,,,,NjK2rrJNhPmmQbtV0XDDu0,
Мой склад,Бра,354797588,Бра New Way Черный,bra-new-way-chernyy,https://myshop-buy636.myinsales.ru/product/bra-new-way-chernyy,,,выставлен,да,,,,,,RUR,Без НДС,шт,,,,,,M,,600023944,DF-01.0029,,600023944,,2400,,,0,,,,,NjK2rrJNhPmmQbtV0XDDu0,
Мой склад,Бра,354797588,Бра New Way Черный,bra-new-way-chernyy,https://myshop-buy636.myinsales.ru/product/bra-new-way-chernyy,,,выставлен,да,,,,,,RUR,Без НДС,шт,,,,,,L,,600023946,DF-01.0029,,600023946,,2400,,,0,,,,,NjK2rrJNhPmmQbtV0XDDu0,
Мой склад,Бра,354797588,Бра New Way Черный,bra-new-way-chernyy,https://myshop-buy636.myinsales.ru/product/bra-new-way-chernyy,,,выставлен,да,,,,,,RUR,Без НДС,шт,,,,,,XXL,,600023948,DF-01.0029,,600023948,,2400,,,0,,,,,NjK2rrJNhPmmQbtV0XDDu0,
Мой склад,Бра,354797588,Бра New Way Черный,bra-new-way-chernyy,https://myshop-buy636.myinsales.ru/product/bra-new-way-chernyy,,,выставлен,да,,,,,,RUR,Без НДС,шт,,,,,,XL,,600023943,DF-01.0029,,600023943,,2400,,,0,,,,,NjK2rrJNhPmmQbtV0XDDu0,
Мой склад,Бра,354797590,Топ Military зеленый,top-military-zelenyy,https://myshop-buy636.myinsales.ru/product/top-military-zelenyy,,,выставлен,да,,,,,,RUR,Без НДС,шт,,,,,,S,,600023950,DF-01.0021,,600023950,,2900,,,0,,,,,AAW2qNzMgJAswRgrSX4M80,
Мой склад,Бра,354797590,Топ Military зеленый,top-military-zelenyy,https://myshop-buy636.myinsales.ru/product/top-military-zelenyy,,,выставлен,да,,,,,,RUR,Без НДС,шт,,,,,,M,,600023951,DF-01.0021,,600023951,,2900,,,0,,,,,AAW2qNzMgJAswRgrSX4M80,
Мой склад,Бра,354797590,Топ Military зеленый,top-military-zelenyy,https://myshop-buy636.myinsales.ru/product/top-military-zelenyy,,,выставлен,да,,,,,,RUR,Без НДС,шт,,,,,,L,,600023949,DF-01.0021,,600023949,,2900,,,0,,,,,AAW2qNzMgJAswRgrSX4M80,
Мой склад,Лонгсливы,354797592,Лонгслив Zip Slim,longsliv-zip-slim,https://myshop-buy636.myinsales.ru/product/longsliv-zip-slim,,,выставлен,да,,,,,,RUR,Без НДС,шт,,,,,,S,бордо,600023954,DF-06.0008,,600023954,,4200,,,1,,,,,YgdW4VW-heIVbvqXqjjUM3,
Мой склад,Лонгсливы,354797592,Лонгслив Zip Slim,longsliv-zip-slim,https://myshop-buy636.myinsales.ru/product/longsliv-zip-slim,,,выставлен,да,,,,,,RUR,Без НДС,шт,,,,,,S,розовый,600023960,DF-06.0008,,600023960,,4200,,,1,,,,,YgdW4VW-heIVbvqXqjjUM3,
Мой склад,Лонгсливы,354797592,Лонгслив Zip Slim,longsliv-zip-slim,https://myshop-buy636.myinsales.ru/product/longsliv-zip-slim,,,выставлен,да,,,,,,RUR,Без НДС,шт,,,,,,M,бордо,600023956,DF-06.0008,,600023956,,4200,,,0,,,,,YgdW4VW-heIVbvqXqjjUM3,
Мой склад,Лонгсливы,354797592,Лонгслив Zip Slim,longsliv-zip-slim,https://myshop-buy636.myinsales.ru/product/longsliv-zip-slim,,,выставлен,да,,,,,,RUR,Без НДС,шт,,,,,,M,розовый,600023953,DF-06.0008,,600023953,,4200,,,0,,,,,YgdW4VW-heIVbvqXqjjUM3,
Мой склад,Лонгсливы,354797592,Лонгслив Zip Slim,longsliv-zip-slim,https://myshop-buy636.myinsales.ru/product/longsliv-zip-slim,,,выставлен,да,,,,,,RUR,Без НДС,шт,,,,,,L,бордо,600023957,DF-06.0008,,600023957,,4200,,,0,,,,,YgdW4VW-heIVbvqXqjjUM3,
Мой склад,Лонгсливы,354797592,Лонгслив Zip Slim,longsliv-zip-slim,https://myshop-buy636.myinsales.ru/product/longsliv-zip-slim,,,выставлен,да,,,,,,RUR,Без НДС,шт,,,,,,L,розовый,600023959,DF-06.0008,,600023959,,4200,,,0,,,,,YgdW4VW-heIVbvqXqjjUM3,
Мой склад,Бра,354797595,Топ Military серый,top-military-seryy,https://myshop-buy636.myinsales.ru/product/top-military-seryy,,,выставлен,да,,,,,,RUR,Без НДС,шт,,,,,,S,,600023961,DF-01.0022,,600023961,,2900,,,0,,,,,NNdJVLnaihDJFWk8WWWkf3,
Мой склад,Бра,354797595,Топ Military серый,top-military-seryy,https://myshop-buy636.myinsales.ru/product/top-military-seryy,,,выставлен,да,,,,,,RUR,Без НДС,шт,,,,,,M,,600023963,DF-01.0022,,600023963,,2900,,,0,,,,,NNdJVLnaihDJFWk8WWWkf3,
Мой склад,Бра,354797595,Топ Military серый,top-military-seryy,https://myshop-buy636.myinsales.ru/product/top-military-seryy,,,выставлен,да,,,,,,RUR,Без НДС,шт,,,,,,L,,600023962,DF-01.0022,,600023962,,2900,,,0,,,,,NNdJVLnaihDJFWk8WWWkf3,
Мой склад,Бра,354797597,Топ Military фиолетовый,top-military-fioletovyy,https://myshop-buy636.myinsales.ru/product/top-military-fioletovyy,,,выставлен,да,,,,,,RUR,Без НДС,шт,,,,,,S,,600023966,DF-01.0024,,600023966,,2900,,,0,,,,,uQBp3kKWhjFQT5P0h6lxB1,
Мой склад,Бра,354797597,Топ Military фиолетовый,top-military-fioletovyy,https://myshop-buy636.myinsales.ru/product/top-military-fioletovyy,,,выставлен,да,,,,,,RUR,Без НДС,шт,,,,,,M,,600023965,DF-01.0024,,600023965,,2900,,,0,,,,,uQBp3kKWhjFQT5P0h6lxB1,
Мой склад,Бра,354797597,Топ Military фиолетовый,top-military-fioletovyy,https://myshop-buy636.myinsales.ru/product/top-military-fioletovyy,,,выставлен,да,,,,,,RUR,Без НДС,шт,,,,,,L,,600023968,DF-01.0024,,600023968,,2900,,,0,,,,,uQBp3kKWhjFQT5P0h6lxB1,
Мой склад,Бра,354797599,Топ Luna хаки меланж,top-luna-haki-melanzh,https://myshop-buy636.myinsales.ru/product/top-luna-haki-melanzh,,,выставлен,да,,,,,,RUR,Без НДС,шт,,,,,,S,,600023969,DF-01.0017,,600023969,,2300,,,0,,,,,77Uax9ukiqlfMrCzKA5L91,
Мой склад,Бра,354797599,Топ Luna хаки меланж,top-luna-haki-melanzh,https://myshop-buy636.myinsales.ru/product/top-luna-haki-melanzh,,,выставлен,да,,,,,,RUR,Без НДС,шт,,,,,,M,,600023970,DF-01.0017,,600023970,,2300,,,0,,,,,77Uax9ukiqlfMrCzKA5L91,
Мой склад,Бра,354797599,Топ Luna хаки меланж,top-luna-haki-melanzh,https://myshop-buy636.myinsales.ru/product/top-luna-haki-melanzh,,,выставлен,да,,,,,,RUR,Без НДС,шт,,,,,,L,,600023971,DF-01.0017,,600023971,,2300,,,0,,,,,77Uax9ukiqlfMrCzKA5L91,
Мой склад,Бра,354797600,Топ Luna серый меланж,top-luna-seryy-melanzh,https://myshop-buy636.myinsales.ru/product/top-luna-seryy-melanzh,,,выставлен,да,,,,,,RUR,Без НДС,шт,,,,,,S,,600023975,DF-01.0015,,600023975,,2300,,,0,,,,,RdpFJWrGjzVjR9RfW-GqB2,
Мой склад,Бра,354797600,Топ Luna серый меланж,top-luna-seryy-melanzh,https://myshop-buy636.myinsales.ru/product/top-luna-seryy-melanzh,,,выставлен,да,,,,,,RUR,Без НДС,шт,,,,,,M,,600023976,DF-01.0015,,600023976,,2300,,,0,,,,,RdpFJWrGjzVjR9RfW-GqB2,
Мой склад,Бра,354797600,Топ Luna серый меланж,top-luna-seryy-melanzh,https://myshop-buy636.myinsales.ru/product/top-luna-seryy-melanzh,,,выставлен,да,,,,,,RUR,Без НДС,шт,,,,,,L,,600023972,DF-01.0015,,600023972,,2300,,,0,,,,,RdpFJWrGjzVjR9RfW-GqB2,
Мой склад,Бра,354797603,Топ Luna лаванда меланж,top-luna-lavanda-melanzh,https://myshop-buy636.myinsales.ru/product/top-luna-lavanda-melanzh,,,выставлен,да,,,,,,RUR,Без НДС,шт,,,,,,S,,600023978,DF-01.0016,,600023978,,2300,,,0,,,,,ivcOUopkg1fCDOoK45wea3,
Мой склад,Бра,354797603,Топ Luna лаванда меланж,top-luna-lavanda-melanzh,https://myshop-buy636.myinsales.ru/product/top-luna-lavanda-melanzh,,,выставлен,да,,,,,,RUR,Без НДС,шт,,,,,,M,,600023977,DF-01.0016,,600023977,,2300,,,0,,,,,ivcOUopkg1fCDOoK45wea3,
Мой склад,Бра,354797603,Топ Luna лаванда меланж,top-luna-lavanda-melanzh,https://myshop-buy636.myinsales.ru/product/top-luna-lavanda-melanzh,,,выставлен,да,,,,,,RUR,Без НДС,шт,,,,,,L,,600023979,DF-01.0016,,600023979,,2300,,,0,,,,,ivcOUopkg1fCDOoK45wea3,
Мой склад,Бра,354797605,Бра Glossy розовый,bra-glossy-rozovyy,https://myshop-buy636.myinsales.ru/product/bra-glossy-rozovyy,,,выставлен,да,,,,,,RUR,Без НДС,шт,,,,,,M,,600023982,DF-01.0002,,600023982,,3900,,,0,,,,,xoi6AsGCj6oqtNpvohAQA0,
Мой склад,Бра,354797605,Бра Glossy розовый,bra-glossy-rozovyy,https://myshop-buy636.myinsales.ru/product/bra-glossy-rozovyy,,,выставлен,да,,,,,,RUR,Без НДС,шт,,,,,,S (М),,600023983,DF-01.0002,,600023983,,3900,,,0,,,,,xoi6AsGCj6oqtNpvohAQA0,
Мой склад,Бра,354797607,Топ New day черный,top-new-day-chernyy,https://myshop-buy636.myinsales.ru/product/top-new-day-chernyy,,,выставлен,да,,,,,,RUR,Без НДС,шт,,,,,,S,,600023985,DF-01.0030,,600023985,,2950,,,10,,,,,sMowHC6SiCdLXNQPli47J3,
Мой склад,Бра,354797607,Топ New day черный,top-new-day-chernyy,https://myshop-buy636.myinsales.ru/product/top-new-day-chernyy,,,выставлен,да,,,,,,RUR,Без НДС,шт,,,,,,M,,600023986,DF-01.0030,,600023986,,2950,,,9,,,,,sMowHC6SiCdLXNQPli47J3,
Мой склад,Бра,354797608,Топ Nebo бежевый,top-nebo-bezhevyy,https://myshop-buy636.myinsales.ru/product/top-nebo-bezhevyy,,,выставлен,да,,,,,,RUR,Без НДС,шт,,,,,,S,,600023987,DF-07.0001,,600023987,,2750,,,0,,,,,vBU-dBm5i3VaqL9QVmx883,
Мой склад,Бра,354797608,Топ Nebo бежевый,top-nebo-bezhevyy,https://myshop-buy636.myinsales.ru/product/top-nebo-bezhevyy,,,выставлен,да,,,,,,RUR,Без НДС,шт,,,,,,M,,600023988,DF-07.0001,,600023988,,2750,,,0,,,,,vBU-dBm5i3VaqL9QVmx883,
Мой склад,Бра,354797608,Топ Nebo бежевый,top-nebo-bezhevyy,https://myshop-buy636.myinsales.ru/product/top-nebo-bezhevyy,,,выставлен,да,,,,,,RUR,Без НДС,шт,,,,,,L,,600023989,DF-07.0001,,600023989,,2750,,,0,,,,,vBU-dBm5i3VaqL9QVmx883,
Мой склад,Бра,354797610,Топ Nebo черный,top-nebo-chernyy,https://myshop-buy636.myinsales.ru/product/top-nebo-chernyy,,,выставлен,да,,,,,,RUR,Без НДС,шт,,,,,,S,,600023991,DF-07.0003,,600023991,,2750,,,0,,,,,RXbI0FuNi4mGXX2DpEgC90,
Мой склад,Бра,354797610,Топ Nebo черный,top-nebo-chernyy,https://myshop-buy636.myinsales.ru/product/top-nebo-chernyy,,,выставлен,да,,,,,,RUR,Без НДС,шт,,,,,,M,,600023993,DF-07.0003,,600023993,,2750,,,0,,,,,RXbI0FuNi4mGXX2DpEgC90,
Мой склад,Бра,354797610,Топ Nebo черный,top-nebo-chernyy,https://myshop-buy636.myinsales.ru/product/top-nebo-chernyy,,,выставлен,да,,,,,,RUR,Без НДС,шт,,,,,,L,,600023992,DF-07.0003,,600023992,,2750,,,0,,,,,RXbI0FuNi4mGXX2DpEgC90,
Мой склад,Бра,354797611,Топ Nebo лаванда,top-nebo-lavanda,https://myshop-buy636.myinsales.ru/product/top-nebo-lavanda,,,выставлен,да,,,,,,RUR,Без НДС,шт,,,,,,S,,600023996,DF-07.0002,,600023996,,2750,,,0,,,,,AxCEOs1zjgWNpbcH0ZEeJ0,
Мой склад,Бра,354797611,Топ Nebo лаванда,top-nebo-lavanda,https://myshop-buy636.myinsales.ru/product/top-nebo-lavanda,,,выставлен,да,,,,,,RUR,Без НДС,шт,,,,,,M,,600023997,DF-07.0002,,600023997,,2750,,,0,,,,,AxCEOs1zjgWNpbcH0ZEeJ0,
Мой склад,Бра,354797611,Топ Nebo лаванда,top-nebo-lavanda,https://myshop-buy636.myinsales.ru/product/top-nebo-lavanda,,,выставлен,да,,,,,,RUR,Без НДС,шт,,,,,,L,,600023994,DF-07.0002,,600023994,,2750,,,0,,,,,AxCEOs1zjgWNpbcH0ZEeJ0,
Мой склад,Бра,354797613,Топ Vera голубой,top-vera-goluboy,https://myshop-buy636.myinsales.ru/product/top-vera-goluboy,,,выставлен,да,,,,,,RUR,Без НДС,шт,,,,,,S,,600024001,DF-01.0012,,600024001,,2900,,,0,,,,,kTWyzenriyx5VyhGOlCIw1,
Мой склад,Бра,354797613,Топ Vera голубой,top-vera-goluboy,https://myshop-buy636.myinsales.ru/product/top-vera-goluboy,,,выставлен,да,,,,,,RUR,Без НДС,шт,,,,,,M,,600023998,DF-01.0012,,600023998,,2900,,,0,,,,,kTWyzenriyx5VyhGOlCIw1,
Мой склад,Бра,354797613,Топ Vera голубой,top-vera-goluboy,https://myshop-buy636.myinsales.ru/product/top-vera-goluboy,,,выставлен,да,,,,,,RUR,Без НДС,шт,,,,,,L,,600023999,DF-01.0012,,600023999,,2900,,,0,,,,,kTWyzenriyx5VyhGOlCIw1,
Мой склад,Леггинсы,354797615,Лосины Real Way винные,losiny-real-way-vinnye,https://myshop-buy636.myinsales.ru/product/losiny-real-way-vinnye,,,выставлен,да,,,,,,RUR,Без НДС,шт,,,,,,S,,600024003,DF-04.00018,,600024003,,3800,,,0,,,,,xTnwHGdJgs7VJxXxRgCN50,
Мой склад,Леггинсы,354797615,Лосины Real Way винные,losiny-real-way-vinnye,https://myshop-buy636.myinsales.ru/product/losiny-real-way-vinnye,,,выставлен,да,,,,,,RUR,Без НДС,шт,,,,,,M,,600024002,DF-04.00018,,600024002,,3800,,,0,,,,,xTnwHGdJgs7VJxXxRgCN50,
Мой склад,Леггинсы,354797615,Лосины Real Way винные,losiny-real-way-vinnye,https://myshop-buy636.myinsales.ru/product/losiny-real-way-vinnye,,,выставлен,да,,,,,,RUR,Без НДС,шт,,,,,,L,,600024004,DF-04.00018,,600024004,,3800,,,0,,,,,xTnwHGdJgs7VJxXxRgCN50,
Мой склад,Леггинсы,354797617,Лосины New Way черные,losiny-new-way-chernye,https://myshop-buy636.myinsales.ru/product/losiny-new-way-chernye,,,выставлен,да,,,,,,RUR,Без НДС,шт,,,,,,S,,600024011,DF-07.0027,,600024011,,3300,,,0,,,,,mKkNUBdDi0Cy8scE3MJam2,
Мой склад,Леггинсы,354797617,Лосины New Way черные,losiny-new-way-chernye,https://myshop-buy636.myinsales.ru/product/losiny-new-way-chernye,,,выставлен,да,,,,,,RUR,Без НДС,шт,,,,,,M,,600024006,DF-07.0027,,600024006,,3300,,,0,,,,,mKkNUBdDi0Cy8scE3MJam2,
Мой склад,Леггинсы,354797617,Лосины New Way черные,losiny-new-way-chernye,https://myshop-buy636.myinsales.ru/product/losiny-new-way-chernye,,,выставлен,да,,,,,,RUR,Без НДС,шт,,,,,,L,,600024007,DF-07.0027,,600024007,,3300,,,0,,,,,mKkNUBdDi0Cy8scE3MJam2,
Мой склад,Леггинсы,354797617,Лосины New Way черные,losiny-new-way-chernye,https://myshop-buy636.myinsales.ru/product/losiny-new-way-chernye,,,выставлен,да,,,,,,RUR,Без НДС,шт,,,,,,XXL,,600024010,DF-07.0027,,600024010,,3300,,,0,,,,,mKkNUBdDi0Cy8scE3MJam2,
Мой склад,Леггинсы,354797617,Лосины New Way черные,losiny-new-way-chernye,https://myshop-buy636.myinsales.ru/product/losiny-new-way-chernye,,,выставлен,да,,,,,,RUR,Без НДС,шт,,,,,,XL,,600024009,DF-07.0027,,600024009,,3300,,,0,,,,,mKkNUBdDi0Cy8scE3MJam2,
Мой склад,Леггинсы,354797620,Леггинсы Luna серый меланж,legginsy-luna-seryy-melanzh,https://myshop-buy636.myinsales.ru/product/legginsy-luna-seryy-melanzh,,,выставлен,да,,,,,,RUR,Без НДС,шт,,,,,,S,,600024013,DF-07.0012,,600024013,,3200,,,0,,,,,Z4IHVRi3iR0G8IIgdYnk93,
Мой склад,Леггинсы,354797620,Леггинсы Luna серый меланж,legginsy-luna-seryy-melanzh,https://myshop-buy636.myinsales.ru/product/legginsy-luna-seryy-melanzh,,,выставлен,да,,,,,,RUR,Без НДС,шт,,,,,,M,,600024015,DF-07.0012,,600024015,,3200,,,0,,,,,Z4IHVRi3iR0G8IIgdYnk93,
Мой склад,Леггинсы,354797620,Леггинсы Luna серый меланж,legginsy-luna-seryy-melanzh,https://myshop-buy636.myinsales.ru/product/legginsy-luna-seryy-melanzh,,,выставлен,да,,,,,,RUR,Без НДС,шт,,,,,,L,,600024014,DF-07.0012,,600024014,,3200,,,0,,,,,Z4IHVRi3iR0G8IIgdYnk93,
Мой склад,Тильда,354797621,Бра Glossy пыльная лаванда,bra-glossy-pylnaya-lavanda,https://myshop-buy636.myinsales.ru/product/bra-glossy-pylnaya-lavanda,,,выставлен,да,,,,,,RUR,Без НДС,шт,,,,,,S,,600024017,DF-01.0001,,600024017,,3920,,,0,,,,,O2mU5OyvibaMraYMCh2b80,
Мой склад,Тильда,354797621,Бра Glossy пыльная лаванда,bra-glossy-pylnaya-lavanda,https://myshop-buy636.myinsales.ru/product/bra-glossy-pylnaya-lavanda,,,выставлен,да,,,,,,RUR,Без НДС,шт,,,,,,M,,600024016,DF-01.0001,,600024016,,3920,,,0,,,,,O2mU5OyvibaMraYMCh2b80,
Мой склад,Тильда,354797621,Бра Glossy пыльная лаванда,bra-glossy-pylnaya-lavanda,https://myshop-buy636.myinsales.ru/product/bra-glossy-pylnaya-lavanda,,,выставлен,да,,,,,,RUR,Без НДС,шт,,,,,,L,,600024019,DF-01.0001,,600024019,,3920,,,0,,,,,O2mU5OyvibaMraYMCh2b80,
Мой склад,Леггинсы,354797623,Лосины New Way бордо,losiny-new-way-bordo,https://myshop-buy636.myinsales.ru/product/losiny-new-way-bordo,,,выставлен,да,,,,,,RUR,Без НДС,шт,,,,,,S,,600024022,DF-04.00016,,600024022,,3300,,,0,,,,,PhqbqGxIiBw3dNdYCUD9s0,
Мой склад,Леггинсы,354797623,Лосины New Way бордо,losiny-new-way-bordo,https://myshop-buy636.myinsales.ru/product/losiny-new-way-bordo,,,выставлен,да,,,,,,RUR,Без НДС,шт,,,,,,M,,600024024,DF-04.00016,,600024024,,3300,,,0,,,,,PhqbqGxIiBw3dNdYCUD9s0,
Мой склад,Леггинсы,354797623,Лосины New Way бордо,losiny-new-way-bordo,https://myshop-buy636.myinsales.ru/product/losiny-new-way-bordo,,,выставлен,да,,,,,,RUR,Без НДС,шт,,,,,,L,,600024025,DF-04.00016,,600024025,,3300,,,1,,,,,PhqbqGxIiBw3dNdYCUD9s0,
Мой склад,Леггинсы,354797623,Лосины New Way бордо,losiny-new-way-bordo,https://myshop-buy636.myinsales.ru/product/losiny-new-way-bordo,,,выставлен,да,,,,,,RUR,Без НДС,шт,,,,,,XXL,,600024021,DF-04.00016,,600024021,,3300,,,0,,,,,PhqbqGxIiBw3dNdYCUD9s0,
Мой склад,Леггинсы,354797623,Лосины New Way бордо,losiny-new-way-bordo,https://myshop-buy636.myinsales.ru/product/losiny-new-way-bordo,,,выставлен,да,,,,,,RUR,Без НДС,шт,,,,,,XL,,600024020,DF-04.00016,,600024020,,3300,,,0,,,,,PhqbqGxIiBw3dNdYCUD9s0,
Мой склад,Леггинсы,354797625,Леггинсы  Military розовые,legginsy-military-rozovye,https://myshop-buy636.myinsales.ru/product/legginsy-military-rozovye,,,выставлен,да,,,,,,RUR,Без НДС,шт,,,,,,S,,600024028,DF-07.0021,,600024028,,3400,,,0,,,,,0sQQYIfCgJEbJiRyuBFw00,
Мой склад,Леггинсы,354797625,Леггинсы  Military розовые,legginsy-military-rozovye,https://myshop-buy636.myinsales.ru/product/legginsy-military-rozovye,,,выставлен,да,,,,,,RUR,Без НДС,шт,,,,,,M,,600024026,DF-07.0021,,600024026,,3400,,,0,,,,,0sQQYIfCgJEbJiRyuBFw00,
Мой склад,Леггинсы,354797625,Леггинсы  Military розовые,legginsy-military-rozovye,https://myshop-buy636.myinsales.ru/product/legginsy-military-rozovye,,,выставлен,да,,,,,,RUR,Без НДС,шт,,,,,,L,,600024027,DF-07.0021,,600024027,,3400,,,0,,,,,0sQQYIfCgJEbJiRyuBFw00,
Мой склад,Леггинсы,354797627,Леггинсы Nebo черный,legginsy-nebo-chernyy,https://myshop-buy636.myinsales.ru/product/legginsy-nebo-chernyy,,,выставлен,да,,,,,,RUR,Без НДС,шт,,,,,,S,,600024030,DF-07.0004,,600024030,,3300,,,0,,,,,k0oTb6XfiFwk3Wv2T7yH01,
Мой склад,Леггинсы,354797627,Леггинсы Nebo черный,legginsy-nebo-chernyy,https://myshop-buy636.myinsales.ru/product/legginsy-nebo-chernyy,,,выставлен,да,,,,,,RUR,Без НДС,шт,,,,,,M,,600024033,DF-07.0004,,600024033,,3300,,,0,,,,,k0oTb6XfiFwk3Wv2T7yH01,
Мой склад,Леггинсы,354797627,Леггинсы Nebo черный,legginsy-nebo-chernyy,https://myshop-buy636.myinsales.ru/product/legginsy-nebo-chernyy,,,выставлен,да,,,,,,RUR,Без НДС,шт,,,,,,L,,600024032,DF-07.0004,,600024032,,3300,,,0,,,,,k0oTb6XfiFwk3Wv2T7yH01,
Мой склад,Леггинсы,354797629,Леггинсы Vera черные,legginsy-vera-chernye,https://myshop-buy636.myinsales.ru/product/legginsy-vera-chernye,,,выставлен,да,,,,,,RUR,Без НДС,шт,,,,,,S,,600024036,DF-07.0010,,600024036,,3500,,,0,,,,,Ykkc9zzOgXGe1HNh3YjKM1,
Мой склад,Леггинсы,354797629,Леггинсы Vera черные,legginsy-vera-chernye,https://myshop-buy636.myinsales.ru/product/legginsy-vera-chernye,,,выставлен,да,,,,,,RUR,Без НДС,шт,,,,,,M,,600024034,DF-07.0010,,600024034,,3500,,,0,,,,,Ykkc9zzOgXGe1HNh3YjKM1,
Мой склад,Леггинсы,354797629,Леггинсы Vera черные,legginsy-vera-chernye,https://myshop-buy636.myinsales.ru/product/legginsy-vera-chernye,,,выставлен,да,,,,,,RUR,Без НДС,шт,,,,,,L,,600024035,DF-07.0010,,600024035,,3500,,,0,,,,,Ykkc9zzOgXGe1HNh3YjKM1,
Мой склад,Леггинсы,354797631,Леггинсы Nebo лаванда,legginsy-nebo-lavanda,https://myshop-buy636.myinsales.ru/product/legginsy-nebo-lavanda,,,выставлен,да,,,,,,RUR,Без НДС,шт,,,,,,S,,600024039,DF-07.0006,,600024039,,3300,,,0,,,,,04qfUqxJiSlPy789jO3Et3,
Мой склад,Леггинсы,354797631,Леггинсы Nebo лаванда,legginsy-nebo-lavanda,https://myshop-buy636.myinsales.ru/product/legginsy-nebo-lavanda,,,выставлен,да,,,,,,RUR,Без НДС,шт,,,,,,M,,600024038,DF-07.0006,,600024038,,3300,,,0,,,,,04qfUqxJiSlPy789jO3Et3,
Мой склад,Леггинсы,354797631,Леггинсы Nebo лаванда,legginsy-nebo-lavanda,https://myshop-buy636.myinsales.ru/product/legginsy-nebo-lavanda,,,выставлен,да,,,,,,RUR,Без НДС,шт,,,,,,L,,600024041,DF-07.0006,,600024041,,3300,,,0,,,,,04qfUqxJiSlPy789jO3Et3,
Мой склад,Велосипедки,354797633,Велосипедки New day,velosipedki-new-day,https://myshop-buy636.myinsales.ru/product/velosipedki-new-day,,,выставлен,да,,,,,,RUR,Без НДС,шт,,,,,,S,оранжевый,600024044,DF-08.0002,,600024044,,3750,,,6,,,,,CWjZe54jgJw77yfx2Ulf30,
Мой склад,Велосипедки,354797633,Велосипедки New day,velosipedki-new-day,https://myshop-buy636.myinsales.ru/product/velosipedki-new-day,,,выставлен,да,,,,,,RUR,Без НДС,шт,,,,,,S,лаванда,600024043,DF-08.0002,,600024043,,3750,,,2,,,,,CWjZe54jgJw77yfx2Ulf30,
Мой склад,Велосипедки,354797633,Велосипедки New day,velosipedki-new-day,https://myshop-buy636.myinsales.ru/product/velosipedki-new-day,,,выставлен,да,,,,,,RUR,Без НДС,шт,,,,,,M,оранжевый,600024042,DF-08.0002,,600024042,,3750,,,1,,,,,CWjZe54jgJw77yfx2Ulf30,
Мой склад,Велосипедки,354797633,Велосипедки New day,velosipedki-new-day,https://myshop-buy636.myinsales.ru/product/velosipedki-new-day,,,выставлен,да,,,,,,RUR,Без НДС,шт,,,,,,M,лаванда,600024045,DF-08.0002,,600024045,,3750,,,3,,,,,CWjZe54jgJw77yfx2Ulf30,
Мой склад,Услуга по доставке товара конечному покупателю,354797634,Услуги по утилизации товара Вайлдберриз,uslugi-po-utilizatsii-tovara-vayldberriz,https://myshop-buy636.myinsales.ru/product/uslugi-po-utilizatsii-tovara-vayldberriz,,,выставлен,да,,,,,,RUR,Без НДС,шт,,,,,,,,600024046,,,600024046,,0,,,0,,,,,f4KSzmmwhqQ4adDP-UMDy0,
Мой склад,Леггинсы,354797636,Лосины Real Way голубые,losiny-real-way-golubye,https://myshop-buy636.myinsales.ru/product/losiny-real-way-golubye,,,выставлен,да,,,,,,RUR,Без НДС,шт,,,,,,S,,600024048,DF-04.00019,,600024048,,3800,,,0,,,,,rfMFeyz5icOSp2px1cwUF2,
Мой склад,Леггинсы,354797636,Лосины Real Way голубые,losiny-real-way-golubye,https://myshop-buy636.myinsales.ru/product/losiny-real-way-golubye,,,выставлен,да,,,,,,RUR,Без НДС,шт,,,,,,M,,600024049,DF-04.00019,,600024049,,3800,,,0,,,,,rfMFeyz5icOSp2px1cwUF2,
Мой склад,Леггинсы,354797636,Лосины Real Way голубые,losiny-real-way-golubye,https://myshop-buy636.myinsales.ru/product/losiny-real-way-golubye,,,выставлен,да,,,,,,RUR,Без НДС,шт,,,,,,L,,600024050,DF-04.00019,,600024050,,3800,,,0,,,,,rfMFeyz5icOSp2px1cwUF2,
Мой склад,Леггинсы,354797637,Лосины Real Way темно-серые,losiny-real-way-temno-serye,https://myshop-buy636.myinsales.ru/product/losiny-real-way-temno-serye,,,выставлен,да,,,,,,RUR,Без НДС,шт,,,,,,S,,600024051,DF-04.00020,,600024051,,3800,,,0,,,,,kpSYz2wsjCBGbEjNgwWrA0,
Мой склад,Леггинсы,354797637,Лосины Real Way темно-серые,losiny-real-way-temno-serye,https://myshop-buy636.myinsales.ru/product/losiny-real-way-temno-serye,,,выставлен,да,,,,,,RUR,Без НДС,шт,,,,,,M,,600024054,DF-04.00020,,600024054,,3800,,,0,,,,,kpSYz2wsjCBGbEjNgwWrA0,
Мой склад,Леггинсы,354797637,Лосины Real Way темно-серые,losiny-real-way-temno-serye,https://myshop-buy636.myinsales.ru/product/losiny-real-way-temno-serye,,,выставлен,да,,,,,,RUR,Без НДС,шт,,,,,,L,,600024052,DF-04.00020,,600024052,,3800,,,0,,,,,kpSYz2wsjCBGbEjNgwWrA0,
Мой склад,,354797639,Флаер,flaer,https://myshop-buy636.myinsales.ru/product/flaer,,,выставлен,да,,,,,,RUR,Без НДС,шт,,,,,,,,600024055,,,600024055,,0,,,0,,,,,cccOUvuSghLcpmBIVmCMn1,
Мой склад,Леггинсы,354797640,Леггинсы Luna лаванда меланж,legginsy-luna-lavanda-melanzh,https://myshop-buy636.myinsales.ru/product/legginsy-luna-lavanda-melanzh,,,выставлен,да,,,,,,RUR,Без НДС,шт,,,,,,S,,600024056,DF-07.0013,,600024056,,3200,,,0,,,,,Xy-0eG0AiHNniHf8eWvit0,
Мой склад,Леггинсы,354797640,Леггинсы Luna лаванда меланж,legginsy-luna-lavanda-melanzh,https://myshop-buy636.myinsales.ru/product/legginsy-luna-lavanda-melanzh,,,выставлен,да,,,,,,RUR,Без НДС,шт,,,,,,M,,600024058,DF-07.0013,,600024058,,3200,,,0,,,,,Xy-0eG0AiHNniHf8eWvit0,
Мой склад,Леггинсы,354797640,Леггинсы Luna лаванда меланж,legginsy-luna-lavanda-melanzh,https://myshop-buy636.myinsales.ru/product/legginsy-luna-lavanda-melanzh,,,выставлен,да,,,,,,RUR,Без НДС,шт,,,,,,L,,600024059,DF-07.0013,,600024059,,3200,,,0,,,,,Xy-0eG0AiHNniHf8eWvit0,
Мой склад,Леггинсы,354797642,Леггинсы  Military фиолетовые,legginsy-military-fioletovye,https://myshop-buy636.myinsales.ru/product/legginsy-military-fioletovye,,,выставлен,да,,,,,,RUR,Без НДС,шт,,,,,,S,,600024061,DF-07.0017,,600024061,,3400,,,0,,,,,ZnQ1XFr-jEDhtD7dxgNNS1,
Мой склад,Леггинсы,354797642,Леггинсы  Military фиолетовые,legginsy-military-fioletovye,https://myshop-buy636.myinsales.ru/product/legginsy-military-fioletovye,,,выставлен,да,,,,,,RUR,Без НДС,шт,,,,,,M,,600024060,DF-07.0017,,600024060,,3400,,,0,,,,,ZnQ1XFr-jEDhtD7dxgNNS1,
Мой склад,Леггинсы,354797642,Леггинсы  Military фиолетовые,legginsy-military-fioletovye,https://myshop-buy636.myinsales.ru/product/legginsy-military-fioletovye,,,выставлен,да,,,,,,RUR,Без НДС,шт,,,,,,L,,600024062,DF-07.0017,,600024062,,3400,,,0,,,,,ZnQ1XFr-jEDhtD7dxgNNS1,
Мой склад,Упаковка,354797643,Крафтовые пакеты с лого,kraftovye-pakety-s-logo,https://myshop-buy636.myinsales.ru/product/kraftovye-pakety-s-logo,,,выставлен,да,,,,,,RUR,Без НДС,шт,,,,,,,,600024063,,,600024063,,0,,,0,,,,,KP5-akmLjCMwNphDGj6qb2,
Мой склад,Кроп топы,354797644,Кроп топ Real Way голубой,krop-top-real-way-goluboy,https://myshop-buy636.myinsales.ru/product/krop-top-real-way-goluboy,,,выставлен,да,,,,,,RUR,Без НДС,шт,,,,,,S,,600024064,DF-03.0004,,600024064,,3600,,,0,,,,,fuhPAXKfg35nk-5lrNaEg2,
Мой склад,Кроп топы,354797644,Кроп топ Real Way голубой,krop-top-real-way-goluboy,https://myshop-buy636.myinsales.ru/product/krop-top-real-way-goluboy,,,выставлен,да,,,,,,RUR,Без НДС,шт,,,,,,M,,600024066,DF-03.0004,,600024066,,3600,,,0,,,,,fuhPAXKfg35nk-5lrNaEg2,
Мой склад,Кроп топы,354797644,Кроп топ Real Way голубой,krop-top-real-way-goluboy,https://myshop-buy636.myinsales.ru/product/krop-top-real-way-goluboy,,,выставлен,да,,,,,,RUR,Без НДС,шт,,,,,,L,,600024067,DF-03.0004,,600024067,,3600,,,0,,,,,fuhPAXKfg35nk-5lrNaEg2,
Мой склад,Кроп топы,354797646,Кроп топ Real Way винный,krop-top-real-way-vinnyy,https://myshop-buy636.myinsales.ru/product/krop-top-real-way-vinnyy,,,выставлен,да,,,,,,RUR,Без НДС,шт,,,,,,S,,600024070,DF-03.0006,,600024070,,3600,,,0,,,,,U66GimoLjR0RxLBtgVvOY3,
Мой склад,Кроп топы,354797646,Кроп топ Real Way винный,krop-top-real-way-vinnyy,https://myshop-buy636.myinsales.ru/product/krop-top-real-way-vinnyy,,,выставлен,да,,,,,,RUR,Без НДС,шт,,,,,,M,,600024069,DF-03.0006,,600024069,,3600,,,0,,,,,U66GimoLjR0RxLBtgVvOY3,
Мой склад,Кроп топы,354797646,Кроп топ Real Way винный,krop-top-real-way-vinnyy,https://myshop-buy636.myinsales.ru/product/krop-top-real-way-vinnyy,,,выставлен,да,,,,,,RUR,Без НДС,шт,,,,,,L,,600024068,DF-03.0006,,600024068,,3600,,,0,,,,,U66GimoLjR0RxLBtgVvOY3,
Мой склад,Кроп топы,354797647,Кроп топ Real Way темно-серый,krop-top-real-way-temno-seryy,https://myshop-buy636.myinsales.ru/product/krop-top-real-way-temno-seryy,,,выставлен,да,,,,,,RUR,Без НДС,шт,,,,,,S,,600024073,DF-03.0005,,600024073,,3600,,,0,,,,,TIxFPcQUgyYIiOSbJWFeh0,
Мой склад,Кроп топы,354797647,Кроп топ Real Way темно-серый,krop-top-real-way-temno-seryy,https://myshop-buy636.myinsales.ru/product/krop-top-real-way-temno-seryy,,,выставлен,да,,,,,,RUR,Без НДС,шт,,,,,,M,,600024074,DF-03.0005,,600024074,,3600,,,0,,,,,TIxFPcQUgyYIiOSbJWFeh0,
Мой склад,Кроп топы,354797647,Кроп топ Real Way темно-серый,krop-top-real-way-temno-seryy,https://myshop-buy636.myinsales.ru/product/krop-top-real-way-temno-seryy,,,выставлен,да,,,,,,RUR,Без НДС,шт,,,,,,L,,600024071,DF-03.0005,,600024071,,3600,,,0,,,,,TIxFPcQUgyYIiOSbJWFeh0,
Мой склад,Футболки,354797650,Футболка Slim Fit Dry фуксия,futbolka-slim-fit-dry-fuksiya,https://myshop-buy636.myinsales.ru/product/futbolka-slim-fit-dry-fuksiya,,,выставлен,да,,,,,,RUR,Без НДС,шт,,,,,,L,,600024076,DF-09.0007,,600024076,,3100,,,1,,,,,5Q1WMc8wjQW43Mnra9sW72,
Мой склад,Футболки,354797651,Футболка Slim Fit Dry черная,futbolka-slim-fit-dry-chernaya,https://myshop-buy636.myinsales.ru/product/futbolka-slim-fit-dry-chernaya,,,выставлен,да,,,,,,RUR,Без НДС,шт,,,,,,S,,600024077,DF-09.0007,,600024077,,3100,,,1,,,,,0QdZZACXiFAaNJIv45A4m2,
Мой склад,Велосипедки,354797652,Велосипедки  New day черные,velosipedki-new-day-chernye,https://myshop-buy636.myinsales.ru/product/velosipedki-new-day-chernye,,,выставлен,да,,,,,,RUR,Без НДС,шт,,,,,,S,,600024078,DF-08.0001,,600024078,,3750,,,11,,,,,7IXBdGYgjVXnfvbShQEZF2,
Мой склад,Велосипедки,354797652,Велосипедки  New day черные,velosipedki-new-day-chernye,https://myshop-buy636.myinsales.ru/product/velosipedki-new-day-chernye,,,выставлен,да,,,,,,RUR,Без НДС,шт,,,,,,M,,600024079,DF-08.0001,,600024079,,3750,,,3,,,,,7IXBdGYgjVXnfvbShQEZF2,
Мой склад,Футболки,354797653,Футболка Slim Fit Dry розовая,futbolka-slim-fit-dry-rozovaya,https://myshop-buy636.myinsales.ru/product/futbolka-slim-fit-dry-rozovaya,,,выставлен,да,,,,,,RUR,Без НДС,шт,,,,,,S,,600024080,DF-09.0007,,600024080,,3100,,,1,,,,,tBnnQnOQgSlj9VX1SukvS2,
Мой склад,Упаковка,354797654,Пакет зип лок,paket-zip-lok,https://myshop-buy636.myinsales.ru/product/paket-zip-lok,,,выставлен,да,,,,,,RUR,Без НДС,шт,,,,,,,,600024081,,,600024081,,0,,,0,,,,,GHa8uLNpgQvoNLDQmjlbO1,
Мой склад,Упаковка,354797655,Бирки картонные с лого,birki-kartonnye-s-logo,https://myshop-buy636.myinsales.ru/product/birki-kartonnye-s-logo,,,выставлен,да,,,,,,RUR,Без НДС,шт,,,,,,,,600024082,,,600024082,,0,,,0,,,,,cUUwHujygOBW4RfV4IOtP0,
Мой склад,Леггинсы,354797656,Леггинсы  Military голубые,legginsy-military-golubye,https://myshop-buy636.myinsales.ru/product/legginsy-military-golubye,,,выставлен,да,,,,,,RUR,Без НДС,шт,,,,,,S,,600024083,DF-07.0016,,600024083,,3400,,,0,,,,,gtniwFEjhqMkGC-2awoWr1,
Мой склад,Леггинсы,354797656,Леггинсы  Military голубые,legginsy-military-golubye,https://myshop-buy636.myinsales.ru/product/legginsy-military-golubye,,,выставлен,да,,,,,,RUR,Без НДС,шт,,,,,,M,,600024084,DF-07.0016,,600024084,,3400,,,0,,,,,gtniwFEjhqMkGC-2awoWr1,
Мой склад,Леггинсы,354797656,Леггинсы  Military голубые,legginsy-military-golubye,https://myshop-buy636.myinsales.ru/product/legginsy-military-golubye,,,выставлен,да,,,,,,RUR,Без НДС,шт,,,,,,L,,600024085,DF-07.0016,,600024085,,3400,,,0,,,,,gtniwFEjhqMkGC-2awoWr1,
Мой склад,Бра,354797657,Топ Wang,top-wang,https://myshop-buy636.myinsales.ru/product/top-wang,,,выставлен,да,,,,,,RUR,Без НДС,шт,,,,,,S,жёлтый неон,600024086,DF-01.0037,,600024086,,3385,,,19,,,,,iGMhAAWoi1vH0bBf4dMGR3,
Мой склад,Бра,354797657,Топ Wang,top-wang,https://myshop-buy636.myinsales.ru/product/top-wang,,,выставлен,да,,,,,,RUR,Без НДС,шт,,,,,,M,жёлтый неон,600024087,DF-01.0037,,600024087,,3385,,,5,,,,,iGMhAAWoi1vH0bBf4dMGR3,
Мой склад,Услуга по доставке товара конечному покупателю,354797658,Услуга по доставке товара покупателю,usluga-po-dostavke-tovara-pokupatelyu,https://myshop-buy636.myinsales.ru/product/usluga-po-dostavke-tovara-pokupatelyu,,,выставлен,да,,,,,,RUR,Без НДС,шт,,,,,,,,600024088,,,600024088,,0,,,0,,,,,8z6fSHFpjO54tQvl-w6-j0,
Мой склад,Бра,354797659,Топ Wave,top-wave,https://myshop-buy636.myinsales.ru/product/top-wave,,,выставлен,да,,,,,,RUR,Без НДС,шт,,,,,,M,черный,600024089,DF-01.0036,,600024089,,2950,,,0,,,,,yjOBtqTShAn-8EqJuaQyg3,
Мой склад,Бра,354797659,Топ Wave,top-wave,https://myshop-buy636.myinsales.ru/product/top-wave,,,выставлен,да,,,,,,RUR,Без НДС,шт,,,,,,ХS-S,черный,600024090,DF-01.0036,,600024090,,2950,,,0,,,,,yjOBtqTShAn-8EqJuaQyg3,
Мой склад,Бра,354797660,Топ New day,top-new-day,https://myshop-buy636.myinsales.ru/product/top-new-day,,,выставлен,да,,,,,,RUR,Без НДС,шт,,,,,,M,оранжевый,600024092,DF-01.0035,,600024092,,2950,,,2,,,,,Xcq8ZP9KjIviPI8j25jkI1,
Мой склад,Бра,354797660,Топ New day,top-new-day,https://myshop-buy636.myinsales.ru/product/top-new-day,,,выставлен,да,,,,,,RUR,Без НДС,шт,,,,,,M,лаванда,600024093,DF-01.0035,,600024093,,2950,,,1,,,,,Xcq8ZP9KjIviPI8j25jkI1,
Мой склад,Бра,354797660,Топ New day,top-new-day,https://myshop-buy636.myinsales.ru/product/top-new-day,,,выставлен,да,,,,,,RUR,Без НДС,шт,,,,,,ХS-S,оранжевый,600024091,DF-01.0035,,600024091,,2950,,,7,,,,,Xcq8ZP9KjIviPI8j25jkI1,
Мой склад,Бра,354797660,Топ New day,top-new-day,https://myshop-buy636.myinsales.ru/product/top-new-day,,,выставлен,да,,,,,,RUR,Без НДС,шт,,,,,,ХS-S,лаванда,600024094,DF-01.0035,,600024094,,2950,,,5,,,,,Xcq8ZP9KjIviPI8j25jkI1,
Мой склад,Лонгсливы,354797661,Лонгслив Air touch,longsliv-air-touch,https://myshop-buy636.myinsales.ru/product/longsliv-air-touch,,,выставлен,да,,,,,,RUR,Без НДС,шт,,,,,,S,черный,600024097,DF-06.0007,,600024097,,3900,,,16,,,,,AgecXGkfgDCMEQoKWCX-o0,
Мой склад,Лонгсливы,354797661,Лонгслив Air touch,longsliv-air-touch,https://myshop-buy636.myinsales.ru/product/longsliv-air-touch,,,выставлен,да,,,,,,RUR,Без НДС,шт,,,,,,S,розовый,600024096,DF-06.0007,,600024096,,3900,,,0,,,,,AgecXGkfgDCMEQoKWCX-o0,
Мой склад,Лонгсливы,354797661,Лонгслив Air touch,longsliv-air-touch,https://myshop-buy636.myinsales.ru/product/longsliv-air-touch,,,выставлен,да,,,,,,RUR,Без НДС,шт,,,,,,S,жёлтый неон,600024104,DF-06.0007,,600024104,,3900,,,0,,,,,AgecXGkfgDCMEQoKWCX-o0,
Мой склад,Лонгсливы,354797661,Лонгслив Air touch,longsliv-air-touch,https://myshop-buy636.myinsales.ru/product/longsliv-air-touch,,,выставлен,да,,,,,,RUR,Без НДС,шт,,,,,,S,белый,600024099,DF-06.0007,,600024099,,3900,,,0,,,,,AgecXGkfgDCMEQoKWCX-o0,
Мой склад,Лонгсливы,354797661,Лонгслив Air touch,longsliv-air-touch,https://myshop-buy636.myinsales.ru/product/longsliv-air-touch,,,выставлен,да,,,,,,RUR,Без НДС,шт,,,,,,S,лаванда/серо-голубой,600024103,DF-06.0007,,600024103,,3900,,,0,,,,,AgecXGkfgDCMEQoKWCX-o0,
Мой склад,Лонгсливы,354797661,Лонгслив Air touch,longsliv-air-touch,https://myshop-buy636.myinsales.ru/product/longsliv-air-touch,,,выставлен,да,,,,,,RUR,Без НДС,шт,,,,,,M,черный,600024098,DF-06.0007,,600024098,,3900,,,18,,,,,AgecXGkfgDCMEQoKWCX-o0,
Мой склад,Лонгсливы,354797661,Лонгслив Air touch,longsliv-air-touch,https://myshop-buy636.myinsales.ru/product/longsliv-air-touch,,,выставлен,да,,,,,,RUR,Без НДС,шт,,,,,,M,розовый,600024101,DF-06.0007,,600024101,,3900,,,0,,,,,AgecXGkfgDCMEQoKWCX-o0,
Мой склад,Лонгсливы,354797661,Лонгслив Air touch,longsliv-air-touch,https://myshop-buy636.myinsales.ru/product/longsliv-air-touch,,,выставлен,да,,,,,,RUR,Без НДС,шт,,,,,,M,жёлтый неон,600024110,DF-06.0007,,600024110,,3900,,,0,,,,,AgecXGkfgDCMEQoKWCX-o0,
Мой склад,Лонгсливы,354797661,Лонгслив Air touch,longsliv-air-touch,https://myshop-buy636.myinsales.ru/product/longsliv-air-touch,,,выставлен,да,,,,,,RUR,Без НДС,шт,,,,,,M,белый,600024107,DF-06.0007,,600024107,,3900,,,0,,,,,AgecXGkfgDCMEQoKWCX-o0,
Мой склад,Лонгсливы,354797661,Лонгслив Air touch,longsliv-air-touch,https://myshop-buy636.myinsales.ru/product/longsliv-air-touch,,,выставлен,да,,,,,,RUR,Без НДС,шт,,,,,,M,лаванда/серо-голубой,600024102,DF-06.0007,,600024102,,3900,,,1,,,,,AgecXGkfgDCMEQoKWCX-o0,
Мой склад,Лонгсливы,354797661,Лонгслив Air touch,longsliv-air-touch,https://myshop-buy636.myinsales.ru/product/longsliv-air-touch,,,выставлен,да,,,,,,RUR,Без НДС,шт,,,,,,L,черный,600024106,DF-06.0007,,600024106,,3900,,,30,,,,,AgecXGkfgDCMEQoKWCX-o0,
Мой склад,Лонгсливы,354797661,Лонгслив Air touch,longsliv-air-touch,https://myshop-buy636.myinsales.ru/product/longsliv-air-touch,,,выставлен,да,,,,,,RUR,Без НДС,шт,,,,,,L,розовый,600024111,DF-06.0007,,600024111,,3900,,,0,,,,,AgecXGkfgDCMEQoKWCX-o0,
Мой склад,Лонгсливы,354797661,Лонгслив Air touch,longsliv-air-touch,https://myshop-buy636.myinsales.ru/product/longsliv-air-touch,,,выставлен,да,,,,,,RUR,Без НДС,шт,,,,,,L,жёлтый неон,600024113,DF-06.0007,,600024113,,3900,,,0,,,,,AgecXGkfgDCMEQoKWCX-o0,
Мой склад,Лонгсливы,354797661,Лонгслив Air touch,longsliv-air-touch,https://myshop-buy636.myinsales.ru/product/longsliv-air-touch,,,выставлен,да,,,,,,RUR,Без НДС,шт,,,,,,L,белый,600024095,DF-06.0007,,600024095,,3900,,,0,,,,,AgecXGkfgDCMEQoKWCX-o0,
Мой склад,Лонгсливы,354797661,Лонгслив Air touch,longsliv-air-touch,https://myshop-buy636.myinsales.ru/product/longsliv-air-touch,,,выставлен,да,,,,,,RUR,Без НДС,шт,,,,,,L,лаванда/серо-голубой,600024114,DF-06.0007,,600024114,,3900,,,0,,,,,AgecXGkfgDCMEQoKWCX-o0,
Мой склад,Леггинсы,354797667,Леггинсы Nebo бежевые,legginsy-nebo-bezhevye,https://myshop-buy636.myinsales.ru/product/legginsy-nebo-bezhevye,,,выставлен,да,,,,,,RUR,Без НДС,шт,,,,,,S,,600024117,DF-07.0005,,600024117,,3300,,,0,,,,,Z55iHr0EjU3R9GVnDNvKX2,
Мой склад,Леггинсы,354797667,Леггинсы Nebo бежевые,legginsy-nebo-bezhevye,https://myshop-buy636.myinsales.ru/product/legginsy-nebo-bezhevye,,,выставлен,да,,,,,,RUR,Без НДС,шт,,,,,,M,,600024115,DF-07.0005,,600024115,,3300,,,0,,,,,Z55iHr0EjU3R9GVnDNvKX2,
Мой склад,Леггинсы,354797667,Леггинсы Nebo бежевые,legginsy-nebo-bezhevye,https://myshop-buy636.myinsales.ru/product/legginsy-nebo-bezhevye,,,выставлен,да,,,,,,RUR,Без НДС,шт,,,,,,L,,600024116,DF-07.0005,,600024116,,3300,,,0,,,,,Z55iHr0EjU3R9GVnDNvKX2,
Мой склад,Леггинсы,354797668,Леггинсы Luna хаки меланж,legginsy-luna-haki-melanzh,https://myshop-buy636.myinsales.ru/product/legginsy-luna-haki-melanzh,,,выставлен,да,,,,,,RUR,Без НДС,шт,,,,,,S,,600024119,DF-07.0014,,600024119,,3200,,,0,,,,,aOl-9Gh6gsnvDKcq9xSG20,
Мой склад,Леггинсы,354797668,Леггинсы Luna хаки меланж,legginsy-luna-haki-melanzh,https://myshop-buy636.myinsales.ru/product/legginsy-luna-haki-melanzh,,,выставлен,да,,,,,,RUR,Без НДС,шт,,,,,,M,,600024121,DF-07.0014,,600024121,,3200,,,0,,,,,aOl-9Gh6gsnvDKcq9xSG20,
Мой склад,Леггинсы,354797668,Леггинсы Luna хаки меланж,legginsy-luna-haki-melanzh,https://myshop-buy636.myinsales.ru/product/legginsy-luna-haki-melanzh,,,выставлен,да,,,,,,RUR,Без НДС,шт,,,,,,L,,600024118,DF-07.0014,,600024118,,3200,,,0,,,,,aOl-9Gh6gsnvDKcq9xSG20,
Мой склад,Футболки,354797670,Футболка DEFINE MAN серая,futbolka-define-man-seraya,https://myshop-buy636.myinsales.ru/product/futbolka-define-man-seraya,,,выставлен,да,,,,,,RUR,Без НДС,шт,,,,,,S,,600024122,DF-09.0004,,600024122,,3200,,,2,,,,,LIOoh1Z7gPmIpIJakfBmx1,
Мой склад,Футболки,354797670,Футболка DEFINE MAN серая,futbolka-define-man-seraya,https://myshop-buy636.myinsales.ru/product/futbolka-define-man-seraya,,,выставлен,да,,,,,,RUR,Без НДС,шт,,,,,,M,,600024123,DF-09.0004,,600024123,,3200,,,3,,,,,LIOoh1Z7gPmIpIJakfBmx1,
Мой склад,Футболки,354797670,Футболка DEFINE MAN серая,futbolka-define-man-seraya,https://myshop-buy636.myinsales.ru/product/futbolka-define-man-seraya,,,выставлен,да,,,,,,RUR,Без НДС,шт,,,,,,L,,600024124,DF-09.0004,,600024124,,3200,,,3,,,,,LIOoh1Z7gPmIpIJakfBmx1,
Мой склад,Леггинсы,354797671,Леггинсы Vera голубые,legginsy-vera-golubye,https://myshop-buy636.myinsales.ru/product/legginsy-vera-golubye,,,выставлен,да,,,,,,RUR,Без НДС,шт,,,,,,S,,600024127,DF-07.0009,,600024127,,3500,,,0,,,,,fLtv3UWLhMrnCexnOKlDO3,
Мой склад,Леггинсы,354797671,Леггинсы Vera голубые,legginsy-vera-golubye,https://myshop-buy636.myinsales.ru/product/legginsy-vera-golubye,,,выставлен,да,,,,,,RUR,Без НДС,шт,,,,,,M,,600024128,DF-07.0009,,600024128,,3500,,,0,,,,,fLtv3UWLhMrnCexnOKlDO3,
Мой склад,Леггинсы,354797671,Леггинсы Vera голубые,legginsy-vera-golubye,https://myshop-buy636.myinsales.ru/product/legginsy-vera-golubye,,,выставлен,да,,,,,,RUR,Без НДС,шт,,,,,,L,,600024125,DF-07.0009,,600024125,,3500,,,0,,,,,fLtv3UWLhMrnCexnOKlDO3,
Мой склад,Футболки,354797673,Футболка Slim,futbolka-slim,https://myshop-buy636.myinsales.ru/product/futbolka-slim,,,выставлен,да,,,,,,RUR,Без НДС,шт,,,,,,S,черный,600024133,DF-09.0008,,600024133,,2950,,,5,,,,,uQIWAnPPhnZmfgPEkFHIX1,
Мой склад,Футболки,354797673,Футболка Slim,futbolka-slim,https://myshop-buy636.myinsales.ru/product/futbolka-slim,,,выставлен,да,,,,,,RUR,Без НДС,шт,,,,,,S,бежевый,600024136,DF-09.0008,,600024136,,2950,,,0,,,,,uQIWAnPPhnZmfgPEkFHIX1,
Мой склад,Футболки,354797673,Футболка Slim,futbolka-slim,https://myshop-buy636.myinsales.ru/product/futbolka-slim,,,выставлен,да,,,,,,RUR,Без НДС,шт,,,,,,S,серый,600024137,DF-09.0008,,600024137,,2950,,,1,,,,,uQIWAnPPhnZmfgPEkFHIX1,
Мой склад,Футболки,354797673,Футболка Slim,futbolka-slim,https://myshop-buy636.myinsales.ru/product/futbolka-slim,,,выставлен,да,,,,,,RUR,Без НДС,шт,,,,,,M,черный,600024139,DF-09.0008,,600024139,,2950,,,0,,,,,uQIWAnPPhnZmfgPEkFHIX1,
Мой склад,Футболки,354797673,Футболка Slim,futbolka-slim,https://myshop-buy636.myinsales.ru/product/futbolka-slim,,,выставлен,да,,,,,,RUR,Без НДС,шт,,,,,,M,бежевый,600024132,DF-09.0008,,600024132,,2950,,,0,,,,,uQIWAnPPhnZmfgPEkFHIX1,
Мой склад,Футболки,354797673,Футболка Slim,futbolka-slim,https://myshop-buy636.myinsales.ru/product/futbolka-slim,,,выставлен,да,,,,,,RUR,Без НДС,шт,,,,,,M,серый,600024134,DF-09.0008,,600024134,,2950,,,0,,,,,uQIWAnPPhnZmfgPEkFHIX1,
Мой склад,Футболки,354797673,Футболка Slim,futbolka-slim,https://myshop-buy636.myinsales.ru/product/futbolka-slim,,,выставлен,да,,,,,,RUR,Без НДС,шт,,,,,,L,черный,600024138,DF-09.0008,,600024138,,2950,,,0,,,,,uQIWAnPPhnZmfgPEkFHIX1,
Мой склад,Футболки,354797673,Футболка Slim,futbolka-slim,https://myshop-buy636.myinsales.ru/product/futbolka-slim,,,выставлен,да,,,,,,RUR,Без НДС,шт,,,,,,L,бежевый,600024129,DF-09.0008,,600024129,,2950,,,0,,,,,uQIWAnPPhnZmfgPEkFHIX1,
Мой склад,Футболки,354797673,Футболка Slim,futbolka-slim,https://myshop-buy636.myinsales.ru/product/futbolka-slim,,,выставлен,да,,,,,,RUR,Без НДС,шт,,,,,,L,серый,600024130,DF-09.0008,,600024130,,2950,,,0,,,,,uQIWAnPPhnZmfgPEkFHIX1,
Мой склад,Комплекты,354797676,Комплект New day orange велосипедки c кроп-топом,komplekt-new-day-orange-velosipedki-c-krop-topom,https://myshop-buy636.myinsales.ru/product/komplekt-new-day-orange-velosipedki-c-krop-topom,,,выставлен,да,,,,,,RUR,Без НДС,шт,,,,,,,,600024140,DF-07.0034/DF-03.0015,,600024140,,7950,,,0,,,,,CtvyNnM6g4aSiA6s0yNux0,
Мой склад,Капри,354797677,Капри Lovely черные,kapri-lovely-chernye,https://myshop-buy636.myinsales.ru/product/kapri-lovely-chernye,,,выставлен,да,,,,,,RUR,Без НДС,шт,,,,,,S,,600024143,DF-05.0002,,600024143,,5200,,,0,,,,,Qpe08G8KjzF3gzyWz11gr2,
Мой склад,Капри,354797677,Капри Lovely черные,kapri-lovely-chernye,https://myshop-buy636.myinsales.ru/product/kapri-lovely-chernye,,,выставлен,да,,,,,,RUR,Без НДС,шт,,,,,,M,,600024146,DF-05.0002,,600024146,,5200,,,0,,,,,Qpe08G8KjzF3gzyWz11gr2,
Мой склад,Капри,354797677,Капри Lovely черные,kapri-lovely-chernye,https://myshop-buy636.myinsales.ru/product/kapri-lovely-chernye,,,выставлен,да,,,,,,RUR,Без НДС,шт,,,,,,L,,600024145,DF-05.0002,,600024145,,5200,,,0,,,,,Qpe08G8KjzF3gzyWz11gr2,
Мой склад,Капри,354797677,Капри Lovely черные,kapri-lovely-chernye,https://myshop-buy636.myinsales.ru/product/kapri-lovely-chernye,,,выставлен,да,,,,,,RUR,Без НДС,шт,,,,,,XXL,,600024141,DF-05.0002,,600024141,,5200,,,0,,,,,Qpe08G8KjzF3gzyWz11gr2,
Мой склад,Капри,354797677,Капри Lovely черные,kapri-lovely-chernye,https://myshop-buy636.myinsales.ru/product/kapri-lovely-chernye,,,выставлен,да,,,,,,RUR,Без НДС,шт,,,,,,XL,,600024142,DF-05.0002,,600024142,,5200,,,0,,,,,Qpe08G8KjzF3gzyWz11gr2,
Мой склад,Капри,354797679,Капри Lovely терракотовые,kapri-lovely-terrakotovye,https://myshop-buy636.myinsales.ru/product/kapri-lovely-terrakotovye,,,выставлен,да,,,,,,RUR,Без НДС,шт,,,,,,S,,600024147,DF-05.0001,,600024147,,5200,,,0,,,,,4YnPf1hEiVoojgwjbsrm01,
Мой склад,Капри,354797679,Капри Lovely терракотовые,kapri-lovely-terrakotovye,https://myshop-buy636.myinsales.ru/product/kapri-lovely-terrakotovye,,,выставлен,да,,,,,,RUR,Без НДС,шт,,,,,,M,,600024148,DF-05.0001,,600024148,,5200,,,0,,,,,4YnPf1hEiVoojgwjbsrm01,
Мой склад,Капри,354797679,Капри Lovely терракотовые,kapri-lovely-terrakotovye,https://myshop-buy636.myinsales.ru/product/kapri-lovely-terrakotovye,,,выставлен,да,,,,,,RUR,Без НДС,шт,,,,,,L,,600024150,DF-05.0001,,600024150,,5200,,,0,,,,,4YnPf1hEiVoojgwjbsrm01,
Мой склад,Футболки,354797681,Футболка DEFINE MAN зеленая,futbolka-define-man-zelenaya,https://myshop-buy636.myinsales.ru/product/futbolka-define-man-zelenaya,,,выставлен,да,,,,,,RUR,Без НДС,шт,,,,,,S,,600024152,DF-09.0005,,600024152,,3200,,,3,,,,,FaqOJ5kWjdnv00jGJFsUL3,
Мой склад,Футболки,354797681,Футболка DEFINE MAN зеленая,futbolka-define-man-zelenaya,https://myshop-buy636.myinsales.ru/product/futbolka-define-man-zelenaya,,,выставлен,да,,,,,,RUR,Без НДС,шт,,,,,,M,,600024151,DF-09.0005,,600024151,,3200,,,2,,,,,FaqOJ5kWjdnv00jGJFsUL3,
Мой склад,Футболки,354797681,Футболка DEFINE MAN зеленая,futbolka-define-man-zelenaya,https://myshop-buy636.myinsales.ru/product/futbolka-define-man-zelenaya,,,выставлен,да,,,,,,RUR,Без НДС,шт,,,,,,L,,600024153,DF-09.0005,,600024153,,3200,,,0,,,,,FaqOJ5kWjdnv00jGJFsUL3,
Мой склад,Футболки,354797682,Футболка DEFINE MAN синяя,futbolka-define-man-sinyaya,https://myshop-buy636.myinsales.ru/product/futbolka-define-man-sinyaya,,,выставлен,да,,,,,,RUR,Без НДС,шт,,,,,,S,,600024154,DF-09.0006,,600024154,,3200,,,3,,,,,1d-HT6iEgY-qagAAc3zlz1,
Мой склад,Футболки,354797682,Футболка DEFINE MAN синяя,futbolka-define-man-sinyaya,https://myshop-buy636.myinsales.ru/product/futbolka-define-man-sinyaya,,,выставлен,да,,,,,,RUR,Без НДС,шт,,,,,,M,,600024155,DF-09.0006,,600024155,,3200,,,1,,,,,1d-HT6iEgY-qagAAc3zlz1,
Мой склад,Футболки,354797682,Футболка DEFINE MAN синяя,futbolka-define-man-sinyaya,https://myshop-buy636.myinsales.ru/product/futbolka-define-man-sinyaya,,,выставлен,да,,,,,,RUR,Без НДС,шт,,,,,,L,,600024156,DF-09.0006,,600024156,,3200,,,3,,,,,1d-HT6iEgY-qagAAc3zlz1,
Мой склад,Кроп топы,354797684,Кроп топ New day черный,krop-top-new-day-chernyy,https://myshop-buy636.myinsales.ru/product/krop-top-new-day-chernyy,,,выставлен,да,,,,,,RUR,Без НДС,шт,,,,,,ХS-S,,600024158,DF-03.0014,,600024158,,4200,,,1,,,,,QnT6fGS4gzmyy6fKqMzrm2,
Мой склад,Кроп топы,354797684,Кроп топ New day черный,krop-top-new-day-chernyy,https://myshop-buy636.myinsales.ru/product/krop-top-new-day-chernyy,,,выставлен,да,,,,,,RUR,Без НДС,шт,,,,,,S-M,,600024159,DF-03.0014,,600024159,,4200,,,3,,,,,QnT6fGS4gzmyy6fKqMzrm2,
Мой склад,Кроп топы,354797685,Кроп топ New day оранжевый,krop-top-new-day-oranzhevyy,https://myshop-buy636.myinsales.ru/product/krop-top-new-day-oranzhevyy,,,выставлен,да,,,,,,RUR,Без НДС,шт,,,,,,ХS-S,,600024160,DF-03.0015,,600024160,,4200,,,7,,,,,BStn8KC6ie1j9MR30jzDF0,
Мой склад,Кроп топы,354797685,Кроп топ New day оранжевый,krop-top-new-day-oranzhevyy,https://myshop-buy636.myinsales.ru/product/krop-top-new-day-oranzhevyy,,,выставлен,да,,,,,,RUR,Без НДС,шт,,,,,,S-M,,600024162,DF-03.0015,,600024162,,4200,,,0,,,,,BStn8KC6ie1j9MR30jzDF0,
Мой склад,Кроп топы,354797687,Кроп топ New day лаванда,krop-top-new-day-lavanda,https://myshop-buy636.myinsales.ru/product/krop-top-new-day-lavanda,,,выставлен,да,,,,,,RUR,Без НДС,шт,,,,,,ХS-S,,600024165,DF-03.0016,,600024165,,4200,,,4,,,,,ZFjY7ZjWgQzx99hJ9RnlQ3,
Мой склад,Кроп топы,354797687,Кроп топ New day лаванда,krop-top-new-day-lavanda,https://myshop-buy636.myinsales.ru/product/krop-top-new-day-lavanda,,,выставлен,да,,,,,,RUR,Без НДС,шт,,,,,,S-M,,600024163,DF-03.0016,,600024163,,4200,,,0,,,,,ZFjY7ZjWgQzx99hJ9RnlQ3,
Мой склад,,354797689,Комиссия за продажу Ozon,komissiya-za-prodazhu-ozon,https://myshop-buy636.myinsales.ru/product/komissiya-za-prodazhu-ozon,,,выставлен,да,,,,,,RUR,Без НДС,шт,,,,,,,,600024166,,,600024166,,0,,,0,,,,,W7fd06phj4KlQsIM0Kr7d2,
Мой склад,,354797690,Международная доставка не правильная,mezhdunarodnaya-dostavka-ne-pravilnaya,https://myshop-buy636.myinsales.ru/product/mezhdunarodnaya-dostavka-ne-pravilnaya,,,выставлен,да,,,,,,RUR,Без НДС,шт,,,,,,,,600024167,,,600024167,,1500,,,0,,,,,qMuNGfaZg6MxxcAH37EEb1,
Мой склад,Комплекты,354797691,Комплект New day black велосипедки c кроп-топом,komplekt-new-day-black-velosipedki-c-krop-topom,https://myshop-buy636.myinsales.ru/product/komplekt-new-day-black-velosipedki-c-krop-topom,,,выставлен,да,,,,,,RUR,Без НДС,шт,,,,,,,,600024168,DF-08.0002/DF-03.0014,,600024168,,7950,,,0,,,,,t4w5rzCchtz63hjvJasKV3,
Мой склад,Комплекты,354797693,Комплект Real Way винный меланж,komplekt-real-way-vinnyy-melanzh,https://myshop-buy636.myinsales.ru/product/komplekt-real-way-vinnyy-melanzh,,,выставлен,да,,,,,,RUR,Без НДС,шт,,,,,,,,600024170,DF-03.0006/DF-04.00018,,600024170,,7400,,,0,,,,,pdjPuuS4hBTGcb6UvDzRQ0,
Мой склад,Комплекты,354797695,Комплект Real Way синий меланж,komplekt-real-way-siniy-melanzh,https://myshop-buy636.myinsales.ru/product/komplekt-real-way-siniy-melanzh,,,выставлен,да,,,,,,RUR,Без НДС,шт,,,,,,,,600024172,DF-03.0004/ DF-04.00019,,600024172,,7400,,,0,,,,,5mU9e-XwiOU4bFrUojfc41,
Мой склад,Комплекты,354797696,Комплект Nebo бежевый,komplekt-nebo-bezhevyy,https://myshop-buy636.myinsales.ru/product/komplekt-nebo-bezhevyy,,,выставлен,да,,,,,,RUR,Без НДС,шт,,,,,,,,600024173,DF-07.0001/DF-07.0005,,600024173,,6050,,,0,,,,,FxPhgi17gaMVSO3rDHJKT0,
Мой склад,Комплекты,354797697,Комплект Nebo лаванда,komplekt-nebo-lavanda,https://myshop-buy636.myinsales.ru/product/komplekt-nebo-lavanda,,,выставлен,да,,,,,,RUR,Без НДС,шт,,,,,,,,600024174,DF-07.0002/DF-07.0006,,600024174,,6050,,,0,,,,,JCXbJ9nHjCYYyrqlUQ4zl3,
Мой склад,Комплекты,354797698,Комплект New day black топ с велосипедками,komplekt-new-day-black-top-s-velosipedkami,https://myshop-buy636.myinsales.ru/product/komplekt-new-day-black-top-s-velosipedkami,,,выставлен,да,,,,,,RUR,Без НДС,шт,,,,,,,,600024175,DF-01.0030/DF-08.0002,,600024175,,6700,,,0,,,,,L7CeWu-8je59Cf3zxf5sa3,
Мой склад,Комплекты,354797699,Комплект Military серый,komplekt-military-seryy,https://myshop-buy636.myinsales.ru/product/komplekt-military-seryy,,,выставлен,да,,,,,,RUR,Без НДС,шт,,,,,,,,600024176,DF-01.0022/DF-07.0018,,600024176,,6300,,,0,,,,,DTXAXMiWgu97PP26A5ywx0,
Мой склад,Комплекты,354797701,Комплект New Way 2 чёрный,komplekt-new-way-2-chyornyy,https://myshop-buy636.myinsales.ru/product/komplekt-new-way-2-chyornyy,,,выставлен,да,,,,,,RUR,Без НДС,шт,,,,,,,,600024178,DF-01.0029/DF-07.0027,,600024178,,5700,,,0,,,,,oGYtKgPgjU3og85N5PHED2,
Мой склад,Комплекты,354797702,Комплект New day lavanda велосипедки c кроп-топом,komplekt-new-day-lavanda-velosipedki-c-krop-topom,https://myshop-buy636.myinsales.ru/product/komplekt-new-day-lavanda-velosipedki-c-krop-topom,,,выставлен,да,,,,,,RUR,Без НДС,шт,,,,,,,,600024179,DF-07.0034/DF-03.0016,,600024179,,7950,,,0,,,,,F3AfhX8gglco6SoJmmkJT0,
Мой склад,Комплекты,354797703,Комплект Vera  голубой,komplekt-vera-goluboy,https://myshop-buy636.myinsales.ru/product/komplekt-vera-goluboy,,,выставлен,да,,,,,,RUR,Без НДС,шт,,,,,,,,600024180,DF-01.0012/DF-07.0009,,600024180,,6400,,,0,,,,,tc7hDJqMgQfLPp7lYZimD0,
Мой склад,Комплекты,354797705,Комплект New day orange топ с велосипедками,komplekt-new-day-orange-top-s-velosipedkami,https://myshop-buy636.myinsales.ru/product/komplekt-new-day-orange-top-s-velosipedkami,,,выставлен,да,,,,,,RUR,Без НДС,шт,,,,,,,,600024182,DF-01.0030/DF-08.0002,,600024182,,6700,,,0,,,,,o3-EepytjAf9la9qG2QkS2,
Мой склад,Комплекты,354797706,Комплект Luna хаки меланж,komplekt-luna-haki-melanzh,https://myshop-buy636.myinsales.ru/product/komplekt-luna-haki-melanzh,,,выставлен,да,,,,,,RUR,Без НДС,шт,,,,,,,,600024183,DF-01.0017/DF-07.0014,,600024183,,5500,,,0,,,,,J-CIwYCeiS9hpbPhibDdI3,
Мой склад,Комплекты,354797707,Комплект Military зеленый,komplekt-military-zelenyy,https://myshop-buy636.myinsales.ru/product/komplekt-military-zelenyy,,,выставлен,да,,,,,,RUR,Без НДС,шт,,,,,,,,600024184,DF-01.0021/DF-07.0020,,600024184,,6300,,,0,,,,,PoNr6r5ugbZfNJ-uq0dmr3,
Мой склад,Комплекты,354797709,Комплект New Way 2 бордо,komplekt-new-way-2-bordo,https://myshop-buy636.myinsales.ru/product/komplekt-new-way-2-bordo,,,выставлен,да,,,,,,RUR,Без НДС,шт,,,,,,,,600024186,DF-01.0010/DF-04.00016,,600024186,,5700,,,0,,,,,Ko-ssll1jwW6WzB3pd2S82,
Мой склад,Комплекты,354797710,Комплект Military розовый,komplekt-military-rozovyy,https://myshop-buy636.myinsales.ru/product/komplekt-military-rozovyy,,,выставлен,да,,,,,,RUR,Без НДС,шт,,,,,,,,600024187,DF-01.0020/DF-07.0021,,600024187,,6300,,,0,,,,,0esTnbb5iU3k5anYZcElL0,
Мой склад,Комплекты,354797713,Комплект Military голубой,komplekt-military-goluboy,https://myshop-buy636.myinsales.ru/product/komplekt-military-goluboy,,,выставлен,да,,,,,,RUR,Без НДС,шт,,,,,,,,600024190,DF-01.0019/DF-07.0016,,600024190,,6300,,,0,,,,,p-hlw43vj6Mex08iZQsQa0,
Мой склад,Комплекты,354797714,Комплект Military фиолетовый,komplekt-military-fioletovyy,https://myshop-buy636.myinsales.ru/product/komplekt-military-fioletovyy,,,выставлен,да,,,,,,RUR,Без НДС,шт,,,,,,,,600024191,DF-01.0024/DF-07.0017,,600024191,,6300,,,0,,,,,FbzNwUmrj2UCYdWBxTjRN0,
Мой склад,Комплекты,354797716,Комплект Luna серый меланж,komplekt-luna-seryy-melanzh,https://myshop-buy636.myinsales.ru/product/komplekt-luna-seryy-melanzh,,,выставлен,да,,,,,,RUR,Без НДС,шт,,,,,,,,600024193,DF-01.0015/DF-07.0012,,600024193,,5500,,,0,,,,,PkXR5mQ3iG56bxC3jw9Wq3,
Мой склад,Комплекты,354797717,Комплект Luna лаванда меланж,komplekt-luna-lavanda-melanzh,https://myshop-buy636.myinsales.ru/product/komplekt-luna-lavanda-melanzh,,,выставлен,да,,,,,,RUR,Без НДС,шт,,,,,,,,600024194,DF-01.0016/DF-07.0013,,600024194,,5500,,,0,,,,,josVxWtZit8t7VZf3rEub0,
Мой склад,Комплекты,354797718,Комплект New day lavanda топ с велосипедками,komplekt-new-day-lavanda-top-s-velosipedkami,https://myshop-buy636.myinsales.ru/product/komplekt-new-day-lavanda-top-s-velosipedkami,,,выставлен,да,,,,,,RUR,Без НДС,шт,,,,,,,,600024195,DF-01.0030/DF-08.0002,,600024195,,6700,,,0,,,,,3LBlcbMgjCY4zqDkML1kZ3,
Мой склад,Комплекты,354797719,Комплект Vera черный,komplekt-vera-chernyy,https://myshop-buy636.myinsales.ru/product/komplekt-vera-chernyy,,,выставлен,да,,,,,,RUR,Без НДС,шт,,,,,,,,600024196,DF-01.0011/DF-07.0010,,600024196,,6400,,,0,,,,,Mmjv-wHwjoud155AH55Ar3,
Мой склад,Комплекты,354797721,Комплект Real Way серый меланж,komplekt-real-way-seryy-melanzh,https://myshop-buy636.myinsales.ru/product/komplekt-real-way-seryy-melanzh,,,выставлен,да,,,,,,RUR,Без НДС,шт,,,,,,,,600024198,DF-03.0005/DF-04.00020,,600024198,,7400,,,0,,,,,rxOKc4XfiWRdBaqej-bYM3,
Мой склад,Комплекты,354797722,Комплект Nebo черный,komplekt-nebo-chernyy,https://myshop-buy636.myinsales.ru/product/komplekt-nebo-chernyy,,,выставлен,да,,,,,,RUR,Без НДС,шт,,,,,,,,600024199,DF-07.0003/DF-07.0004,,600024199,,6050,,,0,,,,,5D8a5H1EirBQmyesgNd3-2,
Мой склад,Комплекты,354797724,Комплект New day orange леггинсы c топом,komplekt-new-day-orange-legginsy-c-topom,https://myshop-buy636.myinsales.ru/product/komplekt-new-day-orange-legginsy-c-topom,,,выставлен,да,,,,,,RUR,Без НДС,шт,,,,,,,,600024201,DF-07.0034/DF-01.0030,,600024201,,7450,,,0,,,,,jE1qTYuOjiUGXPc2mCE1d0,
Мой склад,Комплекты,354797725,Комплект New day black леггинсы c топом,komplekt-new-day-black-legginsy-c-topom,https://myshop-buy636.myinsales.ru/product/komplekt-new-day-black-legginsy-c-topom,,,выставлен,да,,,,,,RUR,Без НДС,шт,,,,,,,,600024202,DF-07.0034/DF-01.0030,,600024202,,7450,,,0,,,,,tEUwOmB5gK1DwZtyOudc53,
Мой склад,Фитнес аксессуары,354797727,Фитнес резинки набор 3 шт,fitnes-rezinki-nabor-3-sht,https://myshop-buy636.myinsales.ru/product/fitnes-rezinki-nabor-3-sht,,,выставлен,да,,,,,,RUR,Без НДС,шт,,,,,,,,600024204,DF-00.0001,,600024204,,2100,,,1,,,,,0DkQOJY6idnsuFgWug4cx2,
Мой склад,Услуга по доставке товара конечному покупателю,354797728,Услуга Вайлдберриз по организации международной перевозки,usluga-vayldberriz-po-organizatsii-mezhdunarodnoy-perevozki,https://myshop-buy636.myinsales.ru/product/usluga-vayldberriz-po-organizatsii-mezhdunarodnoy-perevozki,,,выставлен,да,,,,,,RUR,Без НДС,шт,,,,,,,,600024205,,,600024205,,0,,,0,,,,,S6j8EWdYgE-QAuujlFjdk1,
Мой склад,Услуга по доставке товара конечному покупателю,354797729,Вознаграждение Вайлдберриз,voznagrazhdenie-vayldberriz,https://myshop-buy636.myinsales.ru/product/voznagrazhdenie-vayldberriz,,,выставлен,да,,,,,,RUR,Без НДС,шт,,,,,,,,600024206,,,600024206,,0,,,0,,,,,zeQLL0k7hRESlqxC-Ztid2,
Мой склад,Услуга по доставке товара конечному покупателю,354797730,Услуга по рекламе ВБ,usluga-po-reklame-vb,https://myshop-buy636.myinsales.ru/product/usluga-po-reklame-vb,,,выставлен,да,,,,,,RUR,Без НДС,шт,,,,,,,,600024207,,,600024207,,0,,,0,,,,,BhaMDzOnh9vhq0O6PSfKE3,
Мой склад,Бра,354797732,Бра New Way Винный,bra-new-way-vinnyy,https://myshop-buy636.myinsales.ru/product/bra-new-way-vinnyy,,,выставлен,да,,,,,,RUR,Без НДС,шт,,,,,,S,,600024211,DF-01.0031,,600024211,,3260,,,0,,,,,myiyG9l5hOtEUYtlDKDMG0,
Мой склад,Бра,354797732,Бра New Way Винный,bra-new-way-vinnyy,https://myshop-buy636.myinsales.ru/product/bra-new-way-vinnyy,,,выставлен,да,,,,,,RUR,Без НДС,шт,,,,,,M,,600024210,DF-01.0031,,600024210,,3260,,,0,,,,,myiyG9l5hOtEUYtlDKDMG0,
Мой склад,Бра,354797732,Бра New Way Винный,bra-new-way-vinnyy,https://myshop-buy636.myinsales.ru/product/bra-new-way-vinnyy,,,выставлен,да,,,,,,RUR,Без НДС,шт,,,,,,L,,600024209,DF-01.0031,,600024209,,3260,,,0,,,,,myiyG9l5hOtEUYtlDKDMG0,
Мой склад,Бра,354797733,Бра New Way Голубой,bra-new-way-goluboy,https://myshop-buy636.myinsales.ru/product/bra-new-way-goluboy,,,выставлен,да,,,,,,RUR,Без НДС,шт,,,,,,S,,600024212,DF-01.0034,,600024212,,3260,,,0,,,,,Ef0YHfQPhtLPHPpplM0vQ3,
Мой склад,Бра,354797733,Бра New Way Голубой,bra-new-way-goluboy,https://myshop-buy636.myinsales.ru/product/bra-new-way-goluboy,,,выставлен,да,,,,,,RUR,Без НДС,шт,,,,,,M,,600024214,DF-01.0034,,600024214,,3260,,,0,,,,,Ef0YHfQPhtLPHPpplM0vQ3,
Мой склад,Бра,354797733,Бра New Way Голубой,bra-new-way-goluboy,https://myshop-buy636.myinsales.ru/product/bra-new-way-goluboy,,,выставлен,да,,,,,,RUR,Без НДС,шт,,,,,,L,,600024213,DF-01.0034,,600024213,,3260,,,0,,,,,Ef0YHfQPhtLPHPpplM0vQ3,
Мой склад,Бра,354797734,Топ Сrave ассиметричный,top-srave-assimetrichnyy,https://myshop-buy636.myinsales.ru/product/top-srave-assimetrichnyy,,,выставлен,да,,,,,,RUR,Без НДС,шт,,,,,,M,лаванда,600024215,DF-01.0038,,600024215,,2950,,,0,,,,,hv8chnfyg-JceebmO39eF1,
Мой склад,Бра,354797734,Топ Сrave ассиметричный,top-srave-assimetrichnyy,https://myshop-buy636.myinsales.ru/product/top-srave-assimetrichnyy,,,выставлен,да,,,,,,RUR,Без НДС,шт,,,,,,ХS-S,лаванда,600024216,DF-01.0038,,600024216,,2950,,,0,,,,,hv8chnfyg-JceebmO39eF1,
Мой склад,Активы (на балансе),354797735,Зеркало,zerkalo,https://myshop-buy636.myinsales.ru/product/zerkalo,,,выставлен,да,,,,,,RUR,Без НДС,шт,,,,,,,,600024217,,,600024217,,0,,,1,,,,,fhTtn76YijR8H4NwCEbl92,
Мой склад,Велосипедки,354797737,Вело-шорты Nebo PA,velo-shorty-nebo-pa,https://myshop-buy636.myinsales.ru/product/velo-shorty-nebo-pa,,,выставлен,да,,,,,,RUR,Без НДС,шт,,,,,,M,бежевый,600024221,DF-08.0005,,600024221,,3750,,,0,,,,,K7UrA96tgxc8OX5HAHm6f1,
Мой склад,Велосипедки,354797737,Вело-шорты Nebo PA,velo-shorty-nebo-pa,https://myshop-buy636.myinsales.ru/product/velo-shorty-nebo-pa,,,выставлен,да,,,,,,RUR,Без НДС,шт,,,,,,M,Tourmaline,600024222,DF-08.0005,,600024222,,3750,,,0,,,,,K7UrA96tgxc8OX5HAHm6f1,
Мой склад,Велосипедки,354797737,Вело-шорты Nebo PA,velo-shorty-nebo-pa,https://myshop-buy636.myinsales.ru/product/velo-shorty-nebo-pa,,,выставлен,да,,,,,,RUR,Без НДС,шт,,,,,,ХS-S,бежевый,600024220,DF-08.0005,,600024220,,3750,,,0,,,,,K7UrA96tgxc8OX5HAHm6f1,
Мой склад,Велосипедки,354797737,Вело-шорты Nebo PA,velo-shorty-nebo-pa,https://myshop-buy636.myinsales.ru/product/velo-shorty-nebo-pa,,,выставлен,да,,,,,,RUR,Без НДС,шт,,,,,,ХS-S,Tourmaline,600024219,DF-08.0005,,600024219,,3750,,,0,,,,,K7UrA96tgxc8OX5HAHm6f1,
Мой склад,Бра,354797738,Топ Wave беж,top-wave-bezh,https://myshop-buy636.myinsales.ru/product/top-wave-bezh,,,выставлен,да,,,,,,RUR,Без НДС,шт,,,,,,M,бежевый,600024223,DF-01.0036,,600024223,,2950,,,0,,,,,FlQ6UNVNipg5jinH20Oo60,
Мой склад,Бра,354797738,Топ Wave беж,top-wave-bezh,https://myshop-buy636.myinsales.ru/product/top-wave-bezh,,,выставлен,да,,,,,,RUR,Без НДС,шт,,,,,,ХS-S,бежевый,600024224,DF-01.0036,,600024224,,2950,,,0,,,,,FlQ6UNVNipg5jinH20Oo60,
Мой склад,Леггинсы,354797740,Леггинсы со штрипками Strips,legginsy-so-shtripkami-strips,https://myshop-buy636.myinsales.ru/product/legginsy-so-shtripkami-strips,,,выставлен,да,,,,,,RUR,Без НДС,шт,,,,,,S,черный,600024227,DF-07.0035,,600024227,,4650,,,10,,,,,klbI7SBIgk7VgrRH0vSM00,
Мой склад,Леггинсы,354797740,Леггинсы со штрипками Strips,legginsy-so-shtripkami-strips,https://myshop-buy636.myinsales.ru/product/legginsy-so-shtripkami-strips,,,выставлен,да,,,,,,RUR,Без НДС,шт,,,,,,S,бежевый,600024229,DF-07.0035,,600024229,,4650,,,0,,,,,klbI7SBIgk7VgrRH0vSM00,
Мой склад,Леггинсы,354797740,Леггинсы со штрипками Strips,legginsy-so-shtripkami-strips,https://myshop-buy636.myinsales.ru/product/legginsy-so-shtripkami-strips,,,выставлен,да,,,,,,RUR,Без НДС,шт,,,,,,M,черный,600024226,DF-07.0035,,600024226,,4650,,,6,,,,,klbI7SBIgk7VgrRH0vSM00,
Мой склад,Леггинсы,354797740,Леггинсы со штрипками Strips,legginsy-so-shtripkami-strips,https://myshop-buy636.myinsales.ru/product/legginsy-so-shtripkami-strips,,,выставлен,да,,,,,,RUR,Без НДС,шт,,,,,,M,бежевый,600024233,DF-07.0035,,600024233,,4650,,,0,,,,,klbI7SBIgk7VgrRH0vSM00,
Мой склад,Леггинсы,354797740,Леггинсы со штрипками Strips,legginsy-so-shtripkami-strips,https://myshop-buy636.myinsales.ru/product/legginsy-so-shtripkami-strips,,,выставлен,да,,,,,,RUR,Без НДС,шт,,,,,,L,черный,600024228,DF-07.0035,,600024228,,4650,,,0,,,,,klbI7SBIgk7VgrRH0vSM00,
Мой склад,Леггинсы,354797740,Леггинсы со штрипками Strips,legginsy-so-shtripkami-strips,https://myshop-buy636.myinsales.ru/product/legginsy-so-shtripkami-strips,,,выставлен,да,,,,,,RUR,Без НДС,шт,,,,,,L,бежевый,600024232,DF-07.0035,,600024232,,4650,,,0,,,,,klbI7SBIgk7VgrRH0vSM00,
Мой склад,Леггинсы,354797743,Леггинсы New day,legginsy-new-day,https://myshop-buy636.myinsales.ru/product/legginsy-new-day,,,выставлен,да,,,,,,RUR,Без НДС,шт,,,,,,M,черный,600024235,DF-07.0034,,600024235,,4500,,,12,,,,,2nIM3wYGjnB1LY8Pml8Mo3,
Мой склад,Леггинсы,354797743,Леггинсы New day,legginsy-new-day,https://myshop-buy636.myinsales.ru/product/legginsy-new-day,,,выставлен,да,,,,,,RUR,Без НДС,шт,,,,,,M,оранжевый,600024238,DF-07.0034,,600024238,,4500,,,2,,,,,2nIM3wYGjnB1LY8Pml8Mo3,
Мой склад,Леггинсы,354797743,Леггинсы New day,legginsy-new-day,https://myshop-buy636.myinsales.ru/product/legginsy-new-day,,,выставлен,да,,,,,,RUR,Без НДС,шт,,,,,,M,лаванда,600024239,DF-07.0034,,600024239,,4500,,,0,,,,,2nIM3wYGjnB1LY8Pml8Mo3,
Мой склад,Леггинсы,354797743,Леггинсы New day,legginsy-new-day,https://myshop-buy636.myinsales.ru/product/legginsy-new-day,,,выставлен,да,,,,,,RUR,Без НДС,шт,,,,,,ХS-S,черный,600024240,DF-07.0034,,600024240,,4500,,,12,,,,,2nIM3wYGjnB1LY8Pml8Mo3,
Мой склад,Леггинсы,354797743,Леггинсы New day,legginsy-new-day,https://myshop-buy636.myinsales.ru/product/legginsy-new-day,,,выставлен,да,,,,,,RUR,Без НДС,шт,,,,,,ХS-S,оранжевый,600024237,DF-07.0034,,600024237,,4500,,,2,,,,,2nIM3wYGjnB1LY8Pml8Mo3,
Мой склад,Леггинсы,354797743,Леггинсы New day,legginsy-new-day,https://myshop-buy636.myinsales.ru/product/legginsy-new-day,,,выставлен,да,,,,,,RUR,Без НДС,шт,,,,,,ХS-S,лаванда,600024234,DF-07.0034,,600024234,,4500,,,0,,,,,2nIM3wYGjnB1LY8Pml8Mo3,
Мой склад,Бра,354797746,Топ New day PES,top-new-day-pes,https://myshop-buy636.myinsales.ru/product/top-new-day-pes,,,выставлен,да,,,,,,RUR,Без НДС,шт,,,,,,M,морская волна,600024245,DF-01.0039,,600024245,,2950,,,0,,,,,HihzLIQTghvJYyd-z1GGq1,
Мой склад,Бра,354797746,Топ New day PES,top-new-day-pes,https://myshop-buy636.myinsales.ru/product/top-new-day-pes,,,выставлен,да,,,,,,RUR,Без НДС,шт,,,,,,ХS-S,морская волна,600024242,DF-01.0039,,600024242,,2950,,,0,,,,,HihzLIQTghvJYyd-z1GGq1,
Мой склад,Нити,354797749,Нить Nylon 78/68/2 pre dyed (Semi dull luster),nit-nylon-78682-pre-dyed-semi-dull-luster,https://myshop-buy636.myinsales.ru/product/nit-nylon-78682-pre-dyed-semi-dull-luster,,,выставлен,да,,,,,,RUR,Без НДС,кг,,,,,,,Jacaranda Pantone 17-3930 TCX,600024247,,,600024247,,0,,,0.0,,,,,wNPzElw8jXZLAGlEAhquC2,
Мой склад,Нити,354797749,Нить Nylon 78/68/2 pre dyed (Semi dull luster),nit-nylon-78682-pre-dyed-semi-dull-luster,https://myshop-buy636.myinsales.ru/product/nit-nylon-78682-pre-dyed-semi-dull-luster,,,выставлен,да,,,,,,RUR,Без НДС,кг,,,,,,,Tourmaline Pantone 16-4411 TPX,600024246,,,600024246,,0,,,0.0,,,,,wNPzElw8jXZLAGlEAhquC2,
Мой склад,Услуга по доставке товара конечному покупателю,354797751,Штраф ВБ,shtraf-vb,https://myshop-buy636.myinsales.ru/product/shtraf-vb,,,выставлен,да,,,,,,RUR,Без НДС,шт,,,,,,,,600024249,,,600024249,,0,,,0,,,,,AyljYN1tiofoQ4EgHbN9E2,
Мой склад,Активы (на балансе),354797752,Монитор Samsung,monitor-samsung,https://myshop-buy636.myinsales.ru/product/monitor-samsung,,,выставлен,да,,,,,,RUR,Без НДС,шт,,,,,,,,600024250,,,600024250,,0,,,1,,,,,sfT9b3KuicyLYTccqmT6W3,
Мой склад,Активы (на балансе),354797753,Принтер для печати hp lazer jet,printer-dlya-pechati-hp-lazer-jet,https://myshop-buy636.myinsales.ru/product/printer-dlya-pechati-hp-lazer-jet,,,выставлен,да,,,,,,RUR,Без НДС,шт,,,,,,,,600024251,,,600024251,,0,,,1,,,,,PrV8D2jxj9H7Cu5UO0ASX1,
Мой склад,Активы (на балансе),354797754,Принтер термоэкитеточный tsc200,printer-termoekitetochnyy-tsc200,https://myshop-buy636.myinsales.ru/product/printer-termoekitetochnyy-tsc200,,,выставлен,да,,,,,,RUR,Без НДС,шт,,,,,,,,600024252,,,600024252,,0,,,1,,,,,M9PXk48nio3H03LMVHuSQ0,
Мой склад,Активы (на балансе),354797755,Компьютерный блок,kompyuternyy-blok,https://myshop-buy636.myinsales.ru/product/kompyuternyy-blok,,,выставлен,да,,,,,,RUR,Без НДС,шт,,,,,,,,600024253,,,600024253,,0,,,1,,,,,LLZZXM6XinZugGlyvHfHS0,
Мой склад,Активы (на балансе),354797756,Стеллаж металлический,stellazh-metallicheskiy,https://myshop-buy636.myinsales.ru/product/stellazh-metallicheskiy,,,выставлен,да,,,,,,RUR,Без НДС,шт,,,,,,,,600024254,,,600024254,,0,,,4,,,,,mOsem0kvjCULVgsoic68M1,
Мой склад,Активы (на балансе),354797757,Стол,stol,https://myshop-buy636.myinsales.ru/product/stol,,,выставлен,да,,,,,,RUR,Без НДС,шт,,,,,,,,600024255,,,600024255,,0,,,1,,,,,wzf2rCVSjdT2apxE70ggf0,
Мой склад,Активы (на балансе),354797758,Компьютерный стул,kompyuternyy-stul,https://myshop-buy636.myinsales.ru/product/kompyuternyy-stul,,,выставлен,да,,,,,,RUR,Без НДС,шт,,,,,,,,600024256,,,600024256,,0,,,2,,,,,PxQHJmcqjShDYPmzzs8Gx1,
Мой склад,Активы (на балансе),354797759,Лампа кольцевая,lampa-koltsevaya,https://myshop-buy636.myinsales.ru/product/lampa-koltsevaya,,,выставлен,да,,,,,,RUR,Без НДС,шт,,,,,,,,600024257,,,600024257,,0,,,1,,,,,OQSKYobdiZ8lhJ1YY-O0b3,
Мой склад,Активы (на балансе),354797760,Стул икеивский,stul-ikeivskiy,https://myshop-buy636.myinsales.ru/product/stul-ikeivskiy,,,выставлен,да,,,,,,RUR,Без НДС,шт,,,,,,,,600024258,,,600024258,,0,,,2,,,,,lKSYLF-Xje1kKmA6ghrOI0,
Мой склад,Активы (на балансе),354797761,Тумбочка икеевская,tumbochka-ikeevskaya,https://myshop-buy636.myinsales.ru/product/tumbochka-ikeevskaya,,,выставлен,да,,,,,,RUR,Без НДС,шт,,,,,,,,600024259,,,600024259,,0,,,1,,,,,zlcpVffxhi9EwFpWrz-pD2,
Мой склад,Активы (на балансе),354797762,Деревянный стеллаж икеивский,derevyannyy-stellazh-ikeivskiy,https://myshop-buy636.myinsales.ru/product/derevyannyy-stellazh-ikeivskiy,,,выставлен,да,,,,,,RUR,Без НДС,шт,,,,,,,,600024260,,,600024260,,0,,,1,,,,,ZjOLKB0fhR0wJq4N-ofNS0,
Мой склад,Активы (на балансе),354797764,Рейл икеа,reyl-ikea,https://myshop-buy636.myinsales.ru/product/reyl-ikea,,,выставлен,да,,,,,,RUR,Без НДС,шт,,,,,,,,600024262,,,600024262,,0,,,1,,,,,tOuUDd7mgA7igTfnxy8tY1,
Мой склад,Велосипедки,354797765,Вело-шорты Nebo PES,velo-shorty-nebo-pes,https://myshop-buy636.myinsales.ru/product/velo-shorty-nebo-pes,,,выставлен,да,,,,,,RUR,Без НДС,шт,,,,,,M,морская волна,600024264,DF-08.0004,,600024264,,3750,,,0,,,,,bILnHBipidjtzK5Ec9jBK2,
Мой склад,Велосипедки,354797765,Вело-шорты Nebo PES,velo-shorty-nebo-pes,https://myshop-buy636.myinsales.ru/product/velo-shorty-nebo-pes,,,выставлен,да,,,,,,RUR,Без НДС,шт,,,,,,M,черный,600024265,DF-08.0004,,600024265,,3750,,,0,,,,,bILnHBipidjtzK5Ec9jBK2,
Мой склад,Велосипедки,354797765,Вело-шорты Nebo PES,velo-shorty-nebo-pes,https://myshop-buy636.myinsales.ru/product/velo-shorty-nebo-pes,,,выставлен,да,,,,,,RUR,Без НДС,шт,,,,,,ХS-S,морская волна,600024263,DF-08.0004,,600024263,,3750,,,0,,,,,bILnHBipidjtzK5Ec9jBK2,
Мой склад,Велосипедки,354797765,Вело-шорты Nebo PES,velo-shorty-nebo-pes,https://myshop-buy636.myinsales.ru/product/velo-shorty-nebo-pes,,,выставлен,да,,,,,,RUR,Без НДС,шт,,,,,,ХS-S,черный,600024267,DF-08.0004,,600024267,,3750,,,0,,,,,bILnHBipidjtzK5Ec9jBK2,
Мой склад,Бра,354797767,Топ Wave PA,top-wave-pa,https://myshop-buy636.myinsales.ru/product/top-wave-pa,,,выставлен,да,,,,,,RUR,Без НДС,шт,,,,,,M,Tourmaline,600024268,,,600024268,,0,,,0,,,,,O7I3V5zEjQHOwzLl0r19p2,
Мой склад,Бра,354797767,Топ Wave PA,top-wave-pa,https://myshop-buy636.myinsales.ru/product/top-wave-pa,,,выставлен,да,,,,,,RUR,Без НДС,шт,,,,,,ХS-S,Tourmaline,600024269,,,600024269,,0,,,0,,,,,O7I3V5zEjQHOwzLl0r19p2,
Мой склад,Леггинсы,354797768,Леггинсы Nebo PA,legginsy-nebo-pa,https://myshop-buy636.myinsales.ru/product/legginsy-nebo-pa,,,выставлен,да,,,,,,RUR,Без НДС,шт,,,,,,M,Tourmaline,600024272,DF-07.0036,,600024272,,0,,,0,,,,,nawQTdiVjdrRnLhca-JXJ0,
Мой склад,Леггинсы,354797768,Леггинсы Nebo PA,legginsy-nebo-pa,https://myshop-buy636.myinsales.ru/product/legginsy-nebo-pa,,,выставлен,да,,,,,,RUR,Без НДС,шт,,,,,,ХS-S,Tourmaline,600024270,DF-07.0036,,600024270,,0,,,0,,,,,nawQTdiVjdrRnLhca-JXJ0,
Мой склад,Бра,354797770,Топ Nebo PES,top-nebo-pes,https://myshop-buy636.myinsales.ru/product/top-nebo-pes,,,выставлен,да,,,,,,RUR,Без НДС,шт,,,,,,M,черный,600024273,,,600024273,,0,,,0,,,,,4MetamOGiiYGkoo0Uq53W0,
Мой склад,Бра,354797770,Топ Nebo PES,top-nebo-pes,https://myshop-buy636.myinsales.ru/product/top-nebo-pes,,,выставлен,да,,,,,,RUR,Без НДС,шт,,,,,,ХS-S,черный,600024274,,,600024274,,0,,,0,,,,,4MetamOGiiYGkoo0Uq53W0,
